storm_id,storm,date,time,record_id,status,lat,lon,wind_kt,pressure_mb,r34_ne,r34_se,r34_sw,r34_nw,r50_ne,r50_se,r50_sw,r50_nw,r64_ne,r64_se,r64_sw,r64_nw,datetime,category,is_landfall,coast_approach,events,deaths_direct,deaths_indirect,injuries_direct,injuries_indirect,damage_property_usd,damage_crops_usd,states,claims,building_damage_usd,contents_damage_usd,total_api_count,total_records_pulled,total_building_damage_usd,total_contents_damage_usd,total_complete
AL122005,KATRINA,20050823,1800,,TD,23.1,-75.1,30,1008.0,0.0,0.0,0.0,0.0,0.0,0.0,0.0,0.0,0.0,0.0,0.0,0.0,05-08-23,TD,False,False,,,,,,,,,,,,210576,210576,15397525085.0,4808957440.0,yes
AL122005,KATRINA,20050824,0000,,TD,23.4,-75.7,30,1007.0,0.0,0.0,0.0,0.0,0.0,0.0,0.0,0.0,0.0,0.0,0.0,0.0,05-08-24,TD,False,False,,,,,,,,,,,,210576,210576,15397525085.0,4808957440.0,yes
AL122005,KATRINA,20050824,0600,,TD,23.8,-76.2,30,1007.0,0.0,0.0,0.0,0.0,0.0,0.0,0.0,0.0,0.0,0.0,0.0,0.0,05-08-24,TD,False,False,,,,,,,,,,,,210576,210576,15397525085.0,4808957440.0,yes
AL122005,KATRINA,20050824,1200,,TS,24.5,-76.5,35,1006.0,60.0,60.0,0.0,0.0,0.0,0.0,0.0,0.0,0.0,0.0,0.0,0.0,05-08-24,TS,False,False,,,,,,,,,,,,210576,210576,15397525085.0,4808957440.0,yes
AL122005,KATRINA,20050824,1800,,TS,25.4,-76.9,40,1003.0,60.0,60.0,0.0,0.0,0.0,0.0,0.0,0.0,0.0,0.0,0.0,0.0,05-08-24,TS,False,False,,,,,,,,,,,,210576,210576,15397525085.0,4808957440.0,yes
AL122005,KATRINA,20050825,0000,,TS,26.0,-77.7,45,1000.0,60.0,60.0,0.0,0.0,0.0,0.0,0.0,0.0,0.0,0.0,0.0,0.0,05-08-25,TS,False,False,3.0,6.0,0.0,0.0,0.0,100000000.0,423000000.0,FLORIDA,5863.0,83639014.0,27131138.0,210576,210576,15397525085.0,4808957440.0,yes
AL122005,KATRINA,20050825,0600,,TS,26.1,-78.4,50,997.0,60.0,60.0,0.0,0.0,15.0,0.0,0.0,0.0,0.0,0.0,0.0,0.0,05-08-25,TS,False,False,3.0,6.0,0.0,0.0,0.0,100000000.0,423000000.0,FLORIDA,5863.0,83639014.0,27131138.0,210576,210576,15397525085.0,4808957440.0,yes
AL122005,KATRINA,20050825,1200,,TS,26.2,-79.0,55,994.0,60.0,60.0,30.0,50.0,20.0,20.0,0.0,0.0,0.0,0.0,0.0,0.0,05-08-25,TS,False,False,3.0,6.0,0.0,0.0,0.0,100000000.0,423000000.0,FLORIDA,5863.0,83639014.0,27131138.0,210576,210576,15397525085.0,4808957440.0,yes
AL122005,KATRINA,20050825,1800,,TS,26.2,-79.6,60,988.0,70.0,70.0,50.0,60.0,25.0,25.0,20.0,20.0,0.0,0.0,0.0,0.0,05-08-25,TS,False,False,3.0,6.0,0.0,0.0,0.0,100000000.0,423000000.0,FLORIDA,5863.0,83639014.0,27131138.0,210576,210576,15397525085.0,4808957440.0,yes
AL122005,KATRINA,20050825,2230,L,HU,26.0,-80.1,70,984.0,,,,,,,,,,,,,05-08-25,Cat 1,True,False,3.0,6.0,0.0,0.0,0.0,100000000.0,423000000.0,FLORIDA,5863.0,83639014.0,27131138.0,210576,210576,15397525085.0,4808957440.0,yes
AL122005,KATRINA,20050826,0000,,HU,25.9,-80.3,70,983.0,70.0,70.0,50.0,40.0,20.0,20.0,20.0,20.0,10.0,10.0,10.0,10.0,05-08-26,Cat 1,False,False,3.0,0.0,0.0,0.0,0.0,6900000.0,0.0,FLORIDA,1936.0,25954878.0,8438429.0,210576,210576,15397525085.0,4808957440.0,yes
AL122005,KATRINA,20050826,0600,,HU,25.4,-81.3,65,987.0,75.0,75.0,40.0,30.0,60.0,60.0,20.0,20.0,10.0,10.0,10.0,10.0,05-08-26,Cat 1,False,False,3.0,0.0,0.0,0.0,0.0,6900000.0,0.0,FLORIDA,1936.0,25954878.0,8438429.0,210576,210576,15397525085.0,4808957440.0,yes
AL122005,KATRINA,20050826,1200,,HU,25.1,-82.0,75,979.0,75.0,75.0,45.0,25.0,60.0,60.0,25.0,20.0,20.0,20.0,10.0,10.0,05-08-26,Cat 1,False,False,3.0,0.0,0.0,0.0,0.0,6900000.0,0.0,FLORIDA,1936.0,25954878.0,8438429.0,210576,210576,15397525085.0,4808957440.0,yes
AL122005,KATRINA,20050826,1800,,HU,24.9,-82.6,85,968.0,75.0,75.0,55.0,35.0,60.0,60.0,35.0,20.0,20.0,20.0,15.0,10.0,05-08-26,Cat 2,False,False,3.0,0.0,0.0,0.0,0.0,6900000.0,0.0,FLORIDA,1936.0,25954878.0,8438429.0,210576,210576,15397525085.0,4808957440.0,yes
AL122005,KATRINA,20050827,0000,,HU,24.6,-83.3,90,959.0,90.0,75.0,75.0,75.0,60.0,60.0,40.0,30.0,25.0,25.0,20.0,15.0,05-08-27,Cat 2,False,False,21.0,0.0,0.0,0.0,0.0,1350000000.0,0.0,ALABAMA|ATLANTIC NORTH|FLORIDA|GULF OF MEXICO|MARYLAND|MISSISSIPPI,192.0,5544396.0,1595841.0,210576,210576,15397525085.0,4808957440.0,yes
AL122005,KATRINA,20050827,0600,,HU,24.4,-84.0,95,950.0,130.0,90.0,90.0,130.0,60.0,60.0,45.0,60.0,35.0,30.0,30.0,25.0,05-08-27,Cat 2,False,False,21.0,0.0,0.0,0.0,0.0,1350000000.0,0.0,ALABAMA|ATLANTIC NORTH|FLORIDA|GULF OF MEXICO|MARYLAND|MISSISSIPPI,192.0,5544396.0,1595841.0,210576,210576,15397525085.0,4808957440.0,yes
AL122005,KATRINA,20050827,1200,,HU,24.4,-84.7,100,942.0,130.0,90.0,90.0,130.0,60.0,60.0,45.0,60.0,35.0,30.0,30.0,25.0,05-08-27,Cat 3,False,False,21.0,0.0,0.0,0.0,0.0,1350000000.0,0.0,ALABAMA|ATLANTIC NORTH|FLORIDA|GULF OF MEXICO|MARYLAND|MISSISSIPPI,192.0,5544396.0,1595841.0,210576,210576,15397525085.0,4808957440.0,yes
AL122005,KATRINA,20050827,1800,,HU,24.5,-85.3,100,948.0,140.0,90.0,90.0,130.0,70.0,70.0,60.0,70.0,45.0,35.0,35.0,35.0,05-08-27,Cat 3,False,False,21.0,0.0,0.0,0.0,0.0,1350000000.0,0.0,ALABAMA|ATLANTIC NORTH|FLORIDA|GULF OF MEXICO|MARYLAND|MISSISSIPPI,192.0,5544396.0,1595841.0,210576,210576,15397525085.0,4808957440.0,yes
AL122005,KATRINA,20050828,0000,,HU,24.8,-85.9,100,941.0,140.0,100.0,100.0,140.0,80.0,80.0,65.0,80.0,60.0,45.0,45.0,50.0,05-08-28,Cat 3,False,False,54.0,982.0,0.0,0.0,0.0,24278520000.0,5000.0,ALABAMA|FLORIDA|IOWA|LOUISIANA|MISSISSIPPI,9112.0,459758018.0,159102451.0,210576,210576,15397525085.0,4808957440.0,yes
AL122005,KATRINA,20050828,0600,,HU,25.2,-86.7,125,930.0,160.0,160.0,125.0,140.0,100.0,100.0,75.0,100.0,75.0,75.0,50.0,75.0,05-08-28,Cat 4,False,False,54.0,982.0,0.0,0.0,0.0,24278520000.0,5000.0,ALABAMA|FLORIDA|IOWA|LOUISIANA|MISSISSIPPI,9112.0,459758018.0,159102451.0,210576,210576,15397525085.0,4808957440.0,yes
AL122005,KATRINA,20050828,1200,,HU,25.7,-87.7,145,909.0,180.0,180.0,125.0,140.0,120.0,120.0,75.0,100.0,90.0,90.0,50.0,75.0,05-08-28,Cat 5,False,False,54.0,982.0,0.0,0.0,0.0,24278520000.0,5000.0,ALABAMA|FLORIDA|IOWA|LOUISIANA|MISSISSIPPI,9112.0,459758018.0,159102451.0,210576,210576,15397525085.0,4808957440.0,yes
AL122005,KATRINA,20050828,1800,,HU,26.3,-88.6,150,902.0,200.0,180.0,125.0,180.0,120.0,120.0,75.0,120.0,90.0,90.0,50.0,90.0,05-08-28,Cat 5,False,False,54.0,982.0,0.0,0.0,0.0,24278520000.0,5000.0,ALABAMA|FLORIDA|IOWA|LOUISIANA|MISSISSIPPI,9112.0,459758018.0,159102451.0,210576,210576,15397525085.0,4808957440.0,yes
AL122005,KATRINA,20050829,0000,,HU,27.2,-89.2,140,905.0,200.0,200.0,150.0,180.0,120.0,120.0,75.0,100.0,90.0,90.0,60.0,80.0,05-08-29,Cat 5,False,False,315.0,16.0,0.0,115.0,0.0,5932022000.0,1506015000.0,ALABAMA|ARKANSAS|FLORIDA|GEORGIA|KENTUCKY|LOUISIANA|MAINE|MISSISSIPPI|TENNESSEE|TEXAS|WEST VIRGINIA,183970.0,14110798431.0,4356870464.0,210576,210576,15397525085.0,4808957440.0,yes
AL122005,KATRINA,20050829,0600,,HU,28.2,-89.6,125,913.0,200.0,200.0,150.0,150.0,120.0,120.0,75.0,100.0,90.0,90.0,60.0,70.0,05-08-29,Cat 4,False,False,315.0,16.0,0.0,115.0,0.0,5932022000.0,1506015000.0,ALABAMA|ARKANSAS|FLORIDA|GEORGIA|KENTUCKY|LOUISIANA|MAINE|MISSISSIPPI|TENNESSEE|TEXAS|WEST VIRGINIA,183970.0,14110798431.0,4356870464.0,210576,210576,15397525085.0,4808957440.0,yes
AL122005,KATRINA,20050829,1110,L,HU,29.3,-89.6,110,920.0,,,,,,,,,,,,,05-08-29,Cat 3,True,False,315.0,16.0,0.0,115.0,0.0,5932022000.0,1506015000.0,ALABAMA|ARKANSAS|FLORIDA|GEORGIA|KENTUCKY|LOUISIANA|MAINE|MISSISSIPPI|TENNESSEE|TEXAS|WEST VIRGINIA,183970.0,14110798431.0,4356870464.0,210576,210576,15397525085.0,4808957440.0,yes
AL122005,KATRINA,20050829,1200,,HU,29.5,-89.6,110,923.0,200.0,200.0,150.0,100.0,120.0,120.0,75.0,75.0,90.0,90.0,60.0,60.0,05-08-29,Cat 3,False,False,315.0,16.0,0.0,115.0,0.0,5932022000.0,1506015000.0,ALABAMA|ARKANSAS|FLORIDA|GEORGIA|KENTUCKY|LOUISIANA|MAINE|MISSISSIPPI|TENNESSEE|TEXAS|WEST VIRGINIA,183970.0,14110798431.0,4356870464.0,210576,210576,15397525085.0,4808957440.0,yes
AL122005,KATRINA,20050829,1445,L,HU,30.2,-89.6,105,928.0,,,,,,,,,,,,,05-08-29,Cat 3,True,False,315.0,16.0,0.0,115.0,0.0,5932022000.0,1506015000.0,ALABAMA|ARKANSAS|FLORIDA|GEORGIA|KENTUCKY|LOUISIANA|MAINE|MISSISSIPPI|TENNESSEE|TEXAS|WEST VIRGINIA,183970.0,14110798431.0,4356870464.0,210576,210576,15397525085.0,4808957440.0,yes
AL122005,KATRINA,20050829,1800,,HU,31.1,-89.6,80,948.0,100.0,180.0,100.0,100.0,75.0,100.0,75.0,75.0,50.0,50.0,30.0,30.0,05-08-29,Cat 1,False,False,315.0,16.0,0.0,115.0,0.0,5932022000.0,1506015000.0,ALABAMA|ARKANSAS|FLORIDA|GEORGIA|KENTUCKY|LOUISIANA|MAINE|MISSISSIPPI|TENNESSEE|TEXAS|WEST VIRGINIA,183970.0,14110798431.0,4356870464.0,210576,210576,15397525085.0,4808957440.0,yes
AL122005,KATRINA,20050830,0000,,TS,32.6,-89.1,50,961.0,75.0,90.0,90.0,50.0,50.0,60.0,0.0,0.0,0.0,0.0,0.0,0.0,05-08-30,TS,False,False,99.0,0.0,0.0,0.0,0.0,1796000.0,0.0,GEORGIA|ILLINOIS|INDIANA|KENTUCKY|MAINE|MISSISSIPPI|NEW YORK|NORTH CAROLINA|OHIO|PENNSYLVANIA|TENNESSEE|VERMONT|VIRGINIA,6039.0,462514810.0,163614008.0,210576,210576,15397525085.0,4808957440.0,yes
AL122005,KATRINA,20050830,0600,,TS,34.1,-88.6,40,978.0,75.0,90.0,75.0,50.0,0.0,0.0,0.0,0.0,0.0,0.0,0.0,0.0,05-08-30,TS,False,False,99.0,0.0,0.0,0.0,0.0,1796000.0,0.0,GEORGIA|ILLINOIS|INDIANA|KENTUCKY|MAINE|MISSISSIPPI|NEW YORK|NORTH CAROLINA|OHIO|PENNSYLVANIA|TENNESSEE|VERMONT|VIRGINIA,6039.0,462514810.0,163614008.0,210576,210576,15397525085.0,4808957440.0,yes
AL122005,KATRINA,20050830,1200,,TD,35.6,-88.0,30,985.0,0.0,0.0,0.0,0.0,0.0,0.0,0.0,0.0,0.0,0.0,0.0,0.0,05-08-30,TD,False,False,99.0,0.0,0.0,0.0,0.0,1796000.0,0.0,GEORGIA|ILLINOIS|INDIANA|KENTUCKY|MAINE|MISSISSIPPI|NEW YORK|NORTH CAROLINA|OHIO|PENNSYLVANIA|TENNESSEE|VERMONT|VIRGINIA,6039.0,462514810.0,163614008.0,210576,210576,15397525085.0,4808957440.0,yes
AL122005,KATRINA,20050830,1800,,TD,37.0,-87.0,30,990.0,0.0,0.0,0.0,0.0,0.0,0.0,0.0,0.0,0.0,0.0,0.0,0.0,05-08-30,TD,False,False,99.0,0.0,0.0,0.0,0.0,1796000.0,0.0,GEORGIA|ILLINOIS|INDIANA|KENTUCKY|MAINE|MISSISSIPPI|NEW YORK|NORTH CAROLINA|OHIO|PENNSYLVANIA|TENNESSEE|VERMONT|VIRGINIA,6039.0,462514810.0,163614008.0,210576,210576,15397525085.0,4808957440.0,yes
AL122005,KATRINA,20050831,0000,,EX,38.6,-85.3,30,994.0,0.0,0.0,0.0,0.0,0.0,0.0,0.0,0.0,0.0,0.0,0.0,0.0,05-08-31,TD,False,False,15.0,0.0,0.0,0.0,0.0,185000.0,0.0,KENTUCKY|MAINE|MASSACHUSETTS|PENNSYLVANIA|RHODE ISLAND|TEXAS,3229.0,238203924.0,88068312.0,210576,210576,15397525085.0,4808957440.0,yes
AL122005,KATRINA,20050831,0600,,EX,40.1,-82.9,25,996.0,0.0,0.0,0.0,0.0,0.0,0.0,0.0,0.0,0.0,0.0,0.0,0.0,05-08-31,TD,False,False,15.0,0.0,0.0,0.0,0.0,185000.0,0.0,KENTUCKY|MAINE|MASSACHUSETTS|PENNSYLVANIA|RHODE ISLAND|TEXAS,3229.0,238203924.0,88068312.0,210576,210576,15397525085.0,4808957440.0,yes
AL092008,IKE,20080901,0600,,TD,17.2,-37.0,30,1006.0,0.0,0.0,0.0,0.0,0.0,0.0,0.0,0.0,0.0,0.0,0.0,0.0,08-09-01,TD,False,False,,,,,,,,,,,,52914,52914,2231229639.0,646161078.0,yes
AL092008,IKE,20080901,1200,,TS,17.3,-38.4,35,1005.0,120.0,75.0,0.0,60.0,0.0,0.0,0.0,0.0,0.0,0.0,0.0,0.0,08-09-01,TS,False,False,,,,,,,,,,,,52914,52914,2231229639.0,646161078.0,yes
AL092008,IKE,20080901,1800,,TS,17.5,-39.9,45,1003.0,130.0,110.0,0.0,75.0,0.0,0.0,0.0,0.0,0.0,0.0,0.0,0.0,08-09-01,TS,False,False,,,,,,,,,,,,52914,52914,2231229639.0,646161078.0,yes
AL092008,IKE,20080902,0000,,TS,17.8,-41.3,45,1002.0,140.0,120.0,0.0,90.0,0.0,0.0,0.0,0.0,0.0,0.0,0.0,0.0,08-09-02,TS,False,False,,,,,,,,,,,,52914,52914,2231229639.0,646161078.0,yes
AL092008,IKE,20080902,0600,,TS,18.2,-42.8,45,1000.0,145.0,120.0,0.0,120.0,0.0,0.0,0.0,0.0,0.0,0.0,0.0,0.0,08-09-02,TS,False,False,,,,,,,,,,,,52914,52914,2231229639.0,646161078.0,yes
AL092008,IKE,20080902,1200,,TS,18.7,-44.3,50,999.0,150.0,120.0,0.0,120.0,90.0,0.0,0.0,0.0,0.0,0.0,0.0,0.0,08-09-02,TS,False,False,,,,,,,,,,,,52914,52914,2231229639.0,646161078.0,yes
AL092008,IKE,20080902,1800,,TS,19.3,-45.8,55,996.0,150.0,120.0,45.0,120.0,90.0,0.0,0.0,0.0,0.0,0.0,0.0,0.0,08-09-02,TS,False,False,,,,,,,,,,,,52914,52914,2231229639.0,646161078.0,yes
AL092008,IKE,20080903,0000,,TS,19.8,-47.3,55,994.0,150.0,115.0,45.0,120.0,75.0,0.0,0.0,30.0,0.0,0.0,0.0,0.0,08-09-03,TS,False,False,,,,,,,,,,,,52914,52914,2231229639.0,646161078.0,yes
AL092008,IKE,20080903,0600,,TS,20.2,-48.8,55,992.0,145.0,110.0,45.0,120.0,75.0,0.0,0.0,30.0,0.0,0.0,0.0,0.0,08-09-03,TS,False,False,,,,,,,,,,,,52914,52914,2231229639.0,646161078.0,yes
AL092008,IKE,20080903,1200,,TS,20.6,-50.3,60,989.0,135.0,105.0,50.0,120.0,75.0,0.0,0.0,40.0,0.0,0.0,0.0,0.0,08-09-03,TS,False,False,,,,,,,,,,,,52914,52914,2231229639.0,646161078.0,yes
AL092008,IKE,20080903,1800,,HU,21.1,-51.9,75,979.0,130.0,100.0,60.0,120.0,75.0,50.0,30.0,50.0,30.0,0.0,0.0,0.0,08-09-03,Cat 1,False,False,,,,,,,,,,,,52914,52914,2231229639.0,646161078.0,yes
AL092008,IKE,20080904,0000,,HU,21.8,-53.5,105,956.0,120.0,100.0,75.0,120.0,75.0,50.0,40.0,50.0,30.0,25.0,20.0,25.0,08-09-04,Cat 3,False,False,,,,,,,,,,,,52914,52914,2231229639.0,646161078.0,yes
AL092008,IKE,20080904,0600,,HU,22.4,-55.0,125,935.0,115.0,100.0,90.0,120.0,75.0,50.0,40.0,60.0,30.0,25.0,20.0,25.0,08-09-04,Cat 4,False,False,,,,,,,,,,,,52914,52914,2231229639.0,646161078.0,yes
AL092008,IKE,20080904,1200,,HU,23.0,-56.4,120,937.0,110.0,95.0,90.0,90.0,60.0,55.0,40.0,50.0,40.0,30.0,25.0,30.0,08-09-04,Cat 4,False,False,,,,,,,,,,,,52914,52914,2231229639.0,646161078.0,yes
AL092008,IKE,20080904,1800,,HU,23.4,-57.7,115,940.0,105.0,95.0,90.0,85.0,60.0,55.0,40.0,50.0,40.0,30.0,25.0,30.0,08-09-04,Cat 4,False,False,,,,,,,,,,,,52914,52914,2231229639.0,646161078.0,yes
AL092008,IKE,20080905,0000,,HU,23.6,-59.0,115,944.0,105.0,95.0,90.0,80.0,50.0,50.0,40.0,50.0,40.0,30.0,25.0,30.0,08-09-05,Cat 4,False,False,,,,,,,,,,,,52914,52914,2231229639.0,646161078.0,yes
AL092008,IKE,20080905,0600,,HU,23.6,-60.4,115,949.0,105.0,90.0,90.0,85.0,50.0,50.0,45.0,50.0,40.0,30.0,30.0,30.0,08-09-05,Cat 4,False,False,,,,,,,,,,,,52914,52914,2231229639.0,646161078.0,yes
AL092008,IKE,20080905,1200,,HU,23.5,-61.9,105,954.0,105.0,90.0,90.0,90.0,50.0,50.0,45.0,50.0,40.0,30.0,30.0,30.0,08-09-05,Cat 3,False,False,,,,,,,,,,,,52914,52914,2231229639.0,646161078.0,yes
AL092008,IKE,20080905,1800,,HU,23.2,-63.4,100,959.0,105.0,90.0,90.0,105.0,50.0,50.0,45.0,50.0,40.0,35.0,30.0,35.0,08-09-05,Cat 3,False,False,,,,,,,,,,,,52914,52914,2231229639.0,646161078.0,yes
AL092008,IKE,20080906,0000,,HU,22.8,-64.9,100,962.0,105.0,90.0,90.0,110.0,50.0,50.0,45.0,50.0,40.0,35.0,30.0,35.0,08-09-06,Cat 3,False,False,,,,,,,,,,,,52914,52914,2231229639.0,646161078.0,yes
AL092008,IKE,20080906,0600,,HU,22.4,-66.3,100,964.0,105.0,90.0,90.0,115.0,60.0,50.0,45.0,50.0,40.0,35.0,30.0,35.0,08-09-06,Cat 3,False,False,,,,,,,,,,,,52914,52914,2231229639.0,646161078.0,yes
AL092008,IKE,20080906,1200,,HU,21.9,-67.7,95,965.0,110.0,90.0,90.0,120.0,60.0,60.0,45.0,50.0,40.0,35.0,30.0,35.0,08-09-06,Cat 2,False,False,,,,,,,,,,,,52914,52914,2231229639.0,646161078.0,yes
AL092008,IKE,20080906,1800,,HU,21.5,-69.0,115,950.0,115.0,95.0,100.0,125.0,60.0,70.0,45.0,60.0,40.0,35.0,30.0,35.0,08-09-06,Cat 4,False,False,,,,,,,,,,,,52914,52914,2231229639.0,646161078.0,yes
AL092008,IKE,20080907,0000,,HU,21.2,-70.3,115,947.0,120.0,100.0,100.0,125.0,75.0,75.0,50.0,60.0,40.0,40.0,30.0,35.0,08-09-07,Cat 4,False,False,,,,,,,,,,,,52914,52914,2231229639.0,646161078.0,yes
AL092008,IKE,20080907,0600,,HU,21.1,-71.6,115,947.0,130.0,110.0,100.0,125.0,75.0,75.0,50.0,75.0,40.0,40.0,30.0,40.0,08-09-07,Cat 4,False,False,,,,,,,,,,,,52914,52914,2231229639.0,646161078.0,yes
AL092008,IKE,20080907,1200,,HU,21.0,-72.8,110,947.0,140.0,120.0,100.0,125.0,90.0,75.0,50.0,75.0,50.0,40.0,30.0,50.0,08-09-07,Cat 3,False,False,,,,,,,,,,,,52914,52914,2231229639.0,646161078.0,yes
AL092008,IKE,20080907,1300,L,HU,21.0,-73.2,110,947.0,140.0,120.0,100.0,125.0,90.0,75.0,50.0,75.0,50.0,40.0,30.0,50.0,08-09-07,Cat 3,True,False,,,,,,,,,,,,52914,52914,2231229639.0,646161078.0,yes
AL092008,IKE,20080907,1800,,HU,21.0,-74.0,105,946.0,145.0,125.0,100.0,125.0,90.0,90.0,50.0,75.0,50.0,40.0,30.0,50.0,08-09-07,Cat 3,False,False,,,,,,,,,,,,52914,52914,2231229639.0,646161078.0,yes
AL092008,IKE,20080908,0000,,HU,21.1,-75.2,115,945.0,150.0,140.0,100.0,125.0,90.0,105.0,50.0,75.0,50.0,40.0,30.0,50.0,08-09-08,Cat 4,False,False,,,,,,,,,,,,52914,52914,2231229639.0,646161078.0,yes
AL092008,IKE,20080908,0200,L,HU,21.1,-75.7,115,945.0,150.0,140.0,100.0,125.0,90.0,105.0,50.0,75.0,50.0,40.0,30.0,50.0,08-09-08,Cat 4,True,False,,,,,,,,,,,,52914,52914,2231229639.0,646161078.0,yes
AL092008,IKE,20080908,0600,,HU,21.1,-76.5,100,950.0,155.0,175.0,100.0,125.0,90.0,120.0,50.0,75.0,50.0,40.0,30.0,50.0,08-09-08,Cat 3,False,False,,,,,,,,,,,,52914,52914,2231229639.0,646161078.0,yes
AL092008,IKE,20080908,1200,,HU,21.1,-77.8,85,960.0,155.0,180.0,100.0,125.0,90.0,120.0,50.0,60.0,40.0,40.0,30.0,45.0,08-09-08,Cat 2,False,False,,,,,,,,,,,,52914,52914,2231229639.0,646161078.0,yes
AL092008,IKE,20080908,1800,,HU,21.2,-79.1,75,964.0,155.0,180.0,100.0,125.0,90.0,120.0,30.0,45.0,30.0,30.0,0.0,30.0,08-09-08,Cat 1,False,False,,,,,,,,,,,,52914,52914,2231229639.0,646161078.0,yes
AL092008,IKE,20080909,0000,,HU,21.5,-80.3,70,965.0,155.0,180.0,100.0,150.0,90.0,90.0,30.0,60.0,30.0,30.0,0.0,30.0,08-09-09,Cat 1,False,False,,,,,,,,,,,,52914,52914,2231229639.0,646161078.0,yes
AL092008,IKE,20080909,0600,,HU,22.0,-81.4,70,965.0,155.0,160.0,100.0,170.0,90.0,75.0,30.0,75.0,30.0,30.0,0.0,30.0,08-09-09,Cat 1,False,False,,,,,,,,,,,,52914,52914,2231229639.0,646161078.0,yes
AL092008,IKE,20080909,1200,,HU,22.4,-82.4,70,965.0,155.0,155.0,100.0,170.0,90.0,75.0,30.0,90.0,30.0,0.0,0.0,30.0,08-09-09,Cat 1,False,False,,,,,,,,,,,,52914,52914,2231229639.0,646161078.0,yes
AL092008,IKE,20080909,1400,L,HU,22.6,-82.9,70,965.0,155.0,155.0,100.0,170.0,90.0,75.0,30.0,90.0,30.0,0.0,0.0,30.0,08-09-09,Cat 1,True,False,,,,,,,,,,,,52914,52914,2231229639.0,646161078.0,yes
AL092008,IKE,20080909,1800,,HU,22.7,-83.3,65,966.0,155.0,150.0,105.0,170.0,100.0,75.0,30.0,90.0,20.0,0.0,0.0,30.0,08-09-09,Cat 1,False,False,,,,,,,,,,,,52914,52914,2231229639.0,646161078.0,yes
AL092008,IKE,20080910,0000,,HU,23.1,-84.0,65,968.0,160.0,150.0,110.0,180.0,100.0,75.0,30.0,90.0,30.0,0.0,0.0,20.0,08-09-10,Cat 1,False,False,7.0,0.0,0.0,0.0,0.0,1422500.0,0.0,FLORIDA|GEORGIA,38.0,670168.0,139021.0,52914,52914,2231229639.0,646161078.0,yes
AL092008,IKE,20080910,0600,,HU,23.4,-84.6,70,964.0,170.0,150.0,115.0,180.0,110.0,75.0,45.0,90.0,45.0,0.0,0.0,20.0,08-09-10,Cat 1,False,False,7.0,0.0,0.0,0.0,0.0,1422500.0,0.0,FLORIDA|GEORGIA,38.0,670168.0,139021.0,52914,52914,2231229639.0,646161078.0,yes
AL092008,IKE,20080910,1200,,HU,23.8,-85.2,80,959.0,180.0,155.0,120.0,180.0,120.0,80.0,60.0,100.0,75.0,20.0,15.0,45.0,08-09-10,Cat 1,False,False,7.0,0.0,0.0,0.0,0.0,1422500.0,0.0,FLORIDA|GEORGIA,38.0,670168.0,139021.0,52914,52914,2231229639.0,646161078.0,yes
AL092008,IKE,20080910,1800,,HU,24.2,-85.8,85,958.0,195.0,160.0,120.0,180.0,130.0,90.0,75.0,110.0,90.0,40.0,30.0,60.0,08-09-10,Cat 2,False,False,7.0,0.0,0.0,0.0,0.0,1422500.0,0.0,FLORIDA|GEORGIA,38.0,670168.0,139021.0,52914,52914,2231229639.0,646161078.0,yes
AL092008,IKE,20080911,0000,,HU,24.7,-86.4,85,944.0,210.0,170.0,120.0,180.0,140.0,105.0,90.0,125.0,100.0,60.0,30.0,75.0,08-09-11,Cat 2,False,False,62.0,0.0,0.0,12.0,0.0,201126000.0,0.0,ALABAMA|FLORIDA|GEORGIA|GULF OF MEXICO|LOUISIANA|MISSISSIPPI|TEXAS,291.0,10378469.0,4132106.0,52914,52914,2231229639.0,646161078.0,yes
AL092008,IKE,20080911,0600,,HU,25.1,-87.1,85,945.0,220.0,190.0,130.0,180.0,150.0,120.0,90.0,140.0,100.0,75.0,30.0,75.0,08-09-11,Cat 2,False,False,62.0,0.0,0.0,12.0,0.0,201126000.0,0.0,ALABAMA|FLORIDA|GEORGIA|GULF OF MEXICO|LOUISIANA|MISSISSIPPI|TEXAS,291.0,10378469.0,4132106.0,52914,52914,2231229639.0,646161078.0,yes
AL092008,IKE,20080911,1200,,HU,25.5,-88.0,85,946.0,230.0,240.0,150.0,180.0,150.0,135.0,90.0,140.0,100.0,75.0,30.0,60.0,08-09-11,Cat 2,False,False,62.0,0.0,0.0,12.0,0.0,201126000.0,0.0,ALABAMA|FLORIDA|GEORGIA|GULF OF MEXICO|LOUISIANA|MISSISSIPPI|TEXAS,291.0,10378469.0,4132106.0,52914,52914,2231229639.0,646161078.0,yes
AL092008,IKE,20080911,1800,,HU,25.8,-88.9,85,952.0,240.0,240.0,150.0,180.0,150.0,150.0,90.0,140.0,100.0,75.0,30.0,60.0,08-09-11,Cat 2,False,False,62.0,0.0,0.0,12.0,0.0,201126000.0,0.0,ALABAMA|FLORIDA|GEORGIA|GULF OF MEXICO|LOUISIANA|MISSISSIPPI|TEXAS,291.0,10378469.0,4132106.0,52914,52914,2231229639.0,646161078.0,yes
AL092008,IKE,20080912,0000,,HU,26.1,-90.0,85,954.0,240.0,230.0,150.0,180.0,150.0,150.0,100.0,140.0,100.0,75.0,60.0,60.0,08-09-12,Cat 2,False,False,67.0,15.0,23.0,3.0,2408.0,15132687000.0,245030000.0,IOWA|LOUISIANA|MISSOURI|TEXAS|WISCONSIN,8823.0,378367505.0,118352999.0,52914,52914,2231229639.0,646161078.0,yes
AL092008,IKE,20080912,0600,,HU,26.4,-91.1,90,954.0,240.0,215.0,150.0,180.0,150.0,150.0,100.0,140.0,105.0,75.0,60.0,60.0,08-09-12,Cat 2,False,False,67.0,15.0,23.0,3.0,2408.0,15132687000.0,245030000.0,IOWA|LOUISIANA|MISSOURI|TEXAS|WISCONSIN,8823.0,378367505.0,118352999.0,52914,52914,2231229639.0,646161078.0,yes
AL092008,IKE,20080912,1200,,HU,26.9,-92.2,95,954.0,240.0,210.0,150.0,180.0,150.0,150.0,100.0,140.0,105.0,75.0,60.0,60.0,08-09-12,Cat 2,False,False,67.0,15.0,23.0,3.0,2408.0,15132687000.0,245030000.0,IOWA|LOUISIANA|MISSOURI|TEXAS|WISCONSIN,8823.0,378367505.0,118352999.0,52914,52914,2231229639.0,646161078.0,yes
AL092008,IKE,20080912,1800,,HU,27.5,-93.2,95,954.0,240.0,205.0,150.0,175.0,150.0,150.0,90.0,105.0,105.0,90.0,60.0,75.0,08-09-12,Cat 2,False,False,67.0,15.0,23.0,3.0,2408.0,15132687000.0,245030000.0,IOWA|LOUISIANA|MISSOURI|TEXAS|WISCONSIN,8823.0,378367505.0,118352999.0,52914,52914,2231229639.0,646161078.0,yes
AL092008,IKE,20080913,0000,,HU,28.3,-94.0,95,952.0,240.0,200.0,150.0,170.0,150.0,160.0,80.0,90.0,110.0,90.0,60.0,75.0,08-09-13,Cat 2,False,False,170.0,1.0,0.0,9.0,0.0,128033000.0,105000.0,ARKANSAS|GULF OF MEXICO|ILLINOIS|INDIANA|IOWA|LOUISIANA|MICHIGAN|MISSISSIPPI|MISSOURI|OKLAHOMA|TEXAS,41312.0,1765516476.0,497687791.0,52914,52914,2231229639.0,646161078.0,yes
AL092008,IKE,20080913,0600,,HU,29.1,-94.6,95,951.0,225.0,200.0,125.0,125.0,150.0,160.0,80.0,75.0,110.0,90.0,55.0,45.0,08-09-13,Cat 2,False,False,170.0,1.0,0.0,9.0,0.0,128033000.0,105000.0,ARKANSAS|GULF OF MEXICO|ILLINOIS|INDIANA|IOWA|LOUISIANA|MICHIGAN|MISSISSIPPI|MISSOURI|OKLAHOMA|TEXAS,41312.0,1765516476.0,497687791.0,52914,52914,2231229639.0,646161078.0,yes
AL092008,IKE,20080913,0700,L,HU,29.3,-94.7,95,950.0,225.0,200.0,125.0,125.0,150.0,160.0,80.0,75.0,110.0,90.0,55.0,45.0,08-09-13,Cat 2,True,False,170.0,1.0,0.0,9.0,0.0,128033000.0,105000.0,ARKANSAS|GULF OF MEXICO|ILLINOIS|INDIANA|IOWA|LOUISIANA|MICHIGAN|MISSISSIPPI|MISSOURI|OKLAHOMA|TEXAS,41312.0,1765516476.0,497687791.0,52914,52914,2231229639.0,646161078.0,yes
AL092008,IKE,20080913,1200,,HU,30.3,-95.2,85,959.0,125.0,180.0,125.0,60.0,75.0,90.0,60.0,45.0,50.0,45.0,30.0,20.0,08-09-13,Cat 2,False,False,170.0,1.0,0.0,9.0,0.0,128033000.0,105000.0,ARKANSAS|GULF OF MEXICO|ILLINOIS|INDIANA|IOWA|LOUISIANA|MICHIGAN|MISSISSIPPI|MISSOURI|OKLAHOMA|TEXAS,41312.0,1765516476.0,497687791.0,52914,52914,2231229639.0,646161078.0,yes
AL092008,IKE,20080913,1800,,TS,31.7,-95.3,50,974.0,75.0,150.0,60.0,40.0,40.0,45.0,0.0,0.0,0.0,0.0,0.0,0.0,08-09-13,TS,False,False,170.0,1.0,0.0,9.0,0.0,128033000.0,105000.0,ARKANSAS|GULF OF MEXICO|ILLINOIS|INDIANA|IOWA|LOUISIANA|MICHIGAN|MISSISSIPPI|MISSOURI|OKLAHOMA|TEXAS,41312.0,1765516476.0,497687791.0,52914,52914,2231229639.0,646161078.0,yes
AL092008,IKE,20080914,0000,,TS,33.5,-94.9,35,980.0,60.0,90.0,0.0,0.0,0.0,0.0,0.0,0.0,0.0,0.0,0.0,0.0,08-09-14,TS,False,False,421.0,19.0,2.0,73.0,4.0,1138134590.0,142910000.0,ARKANSAS|ILLINOIS|INDIANA|KENTUCKY|LOUISIANA|MICHIGAN|MISSISSIPPI|MISSOURI|NEW YORK|OHIO|OKLAHOMA|PENNSYLVANIA|TENNESSEE|TEXAS|WEST VIRGINIA,2095.0,62893130.0,21487882.0,52914,52914,2231229639.0,646161078.0,yes
AL092008,IKE,20080914,0600,,TS,35.5,-93.7,35,985.0,45.0,90.0,20.0,0.0,0.0,0.0,0.0,0.0,0.0,0.0,0.0,0.0,08-09-14,TS,False,False,421.0,19.0,2.0,73.0,4.0,1138134590.0,142910000.0,ARKANSAS|ILLINOIS|INDIANA|KENTUCKY|LOUISIANA|MICHIGAN|MISSISSIPPI|MISSOURI|NEW YORK|OHIO|OKLAHOMA|PENNSYLVANIA|TENNESSEE|TEXAS|WEST VIRGINIA,2095.0,62893130.0,21487882.0,52914,52914,2231229639.0,646161078.0,yes
AL092008,IKE,20080914,1200,,EX,37.6,-91.0,40,987.0,0.0,90.0,40.0,0.0,0.0,0.0,0.0,0.0,0.0,0.0,0.0,0.0,08-09-14,TS,False,False,421.0,19.0,2.0,73.0,4.0,1138134590.0,142910000.0,ARKANSAS|ILLINOIS|INDIANA|KENTUCKY|LOUISIANA|MICHIGAN|MISSISSIPPI|MISSOURI|NEW YORK|OHIO|OKLAHOMA|PENNSYLVANIA|TENNESSEE|TEXAS|WEST VIRGINIA,2095.0,62893130.0,21487882.0,52914,52914,2231229639.0,646161078.0,yes
AL092008,IKE,20080914,1800,,EX,40.3,-87.2,50,988.0,0.0,180.0,150.0,0.0,0.0,160.0,0.0,0.0,0.0,0.0,0.0,0.0,08-09-14,TS,False,False,421.0,19.0,2.0,73.0,4.0,1138134590.0,142910000.0,ARKANSAS|ILLINOIS|INDIANA|KENTUCKY|LOUISIANA|MICHIGAN|MISSISSIPPI|MISSOURI|NEW YORK|OHIO|OKLAHOMA|PENNSYLVANIA|TENNESSEE|TEXAS|WEST VIRGINIA,2095.0,62893130.0,21487882.0,52914,52914,2231229639.0,646161078.0,yes
AL092008,IKE,20080915,0000,,EX,43.3,-81.5,50,988.0,0.0,180.0,150.0,0.0,0.0,160.0,0.0,0.0,0.0,0.0,0.0,0.0,08-09-15,TS,False,False,14.0,0.0,0.0,0.0,0.0,1041000.0,400000.0,NEW YORK,192.0,6902154.0,2567053.0,52914,52914,2231229639.0,646161078.0,yes
AL092008,IKE,20080915,0600,,EX,45.8,-75.3,40,986.0,0.0,180.0,150.0,0.0,0.0,0.0,0.0,0.0,0.0,0.0,0.0,0.0,08-09-15,TS,False,False,14.0,0.0,0.0,0.0,0.0,1041000.0,400000.0,NEW YORK,192.0,6902154.0,2567053.0,52914,52914,2231229639.0,646161078.0,yes
AL092008,IKE,20080915,1200,,EX,47.2,-71.1,35,986.0,0.0,180.0,150.0,0.0,0.0,0.0,0.0,0.0,0.0,0.0,0.0,0.0,08-09-15,TS,False,False,14.0,0.0,0.0,0.0,0.0,1041000.0,400000.0,NEW YORK,192.0,6902154.0,2567053.0,52914,52914,2231229639.0,646161078.0,yes
AL182012,SANDY,20121021,1800,,LO,14.3,-77.4,25,1006.0,0.0,0.0,0.0,0.0,0.0,0.0,0.0,0.0,0.0,0.0,0.0,0.0,12-10-21,TD,False,False,,,,,,,,,,,,142555,142555,7867840535.0,1140438322.0,yes
AL182012,SANDY,20121022,0000,,LO,13.9,-77.8,25,1005.0,0.0,0.0,0.0,0.0,0.0,0.0,0.0,0.0,0.0,0.0,0.0,0.0,12-10-22,TD,False,False,,,,,,,,,,,,142555,142555,7867840535.0,1140438322.0,yes
AL182012,SANDY,20121022,0600,,LO,13.5,-78.2,25,1003.0,0.0,0.0,0.0,0.0,0.0,0.0,0.0,0.0,0.0,0.0,0.0,0.0,12-10-22,TD,False,False,,,,,,,,,,,,142555,142555,7867840535.0,1140438322.0,yes
AL182012,SANDY,20121022,1200,,TD,13.1,-78.6,30,1002.0,0.0,0.0,0.0,0.0,0.0,0.0,0.0,0.0,0.0,0.0,0.0,0.0,12-10-22,TD,False,False,,,,,,,,,,,,142555,142555,7867840535.0,1140438322.0,yes
AL182012,SANDY,20121022,1800,,TS,12.7,-78.7,35,1000.0,50.0,60.0,0.0,0.0,0.0,0.0,0.0,0.0,0.0,0.0,0.0,0.0,12-10-22,TS,False,False,,,,,,,,,,,,142555,142555,7867840535.0,1140438322.0,yes
AL182012,SANDY,20121023,0000,,TS,12.6,-78.4,40,998.0,50.0,60.0,0.0,0.0,0.0,0.0,0.0,0.0,0.0,0.0,0.0,0.0,12-10-23,TS,False,False,,,,,,,,,,,,142555,142555,7867840535.0,1140438322.0,yes
AL182012,SANDY,20121023,0600,,TS,12.9,-78.1,40,998.0,70.0,80.0,0.0,0.0,0.0,0.0,0.0,0.0,0.0,0.0,0.0,0.0,12-10-23,TS,False,False,,,,,,,,,,,,142555,142555,7867840535.0,1140438322.0,yes
AL182012,SANDY,20121023,1200,,TS,13.4,-77.9,40,995.0,100.0,100.0,0.0,0.0,0.0,0.0,0.0,0.0,0.0,0.0,0.0,0.0,12-10-23,TS,False,False,,,,,,,,,,,,142555,142555,7867840535.0,1140438322.0,yes
AL182012,SANDY,20121023,1800,,TS,14.0,-77.6,45,993.0,100.0,120.0,0.0,0.0,0.0,0.0,0.0,0.0,0.0,0.0,0.0,0.0,12-10-23,TS,False,False,,,,,,,,,,,,142555,142555,7867840535.0,1140438322.0,yes
AL182012,SANDY,20121024,0000,,TS,14.7,-77.3,55,990.0,100.0,150.0,40.0,40.0,0.0,70.0,0.0,0.0,0.0,0.0,0.0,0.0,12-10-24,TS,False,False,,,,,,,,,,,,142555,142555,7867840535.0,1140438322.0,yes
AL182012,SANDY,20121024,0600,,TS,15.6,-77.1,60,987.0,100.0,150.0,50.0,50.0,50.0,70.0,20.0,20.0,0.0,0.0,0.0,0.0,12-10-24,TS,False,False,,,,,,,,,,,,142555,142555,7867840535.0,1140438322.0,yes
AL182012,SANDY,20121024,1200,,HU,16.6,-76.9,65,981.0,120.0,160.0,70.0,70.0,50.0,60.0,40.0,30.0,20.0,20.0,0.0,0.0,12-10-24,Cat 1,False,False,,,,,,,,,,,,142555,142555,7867840535.0,1140438322.0,yes
AL182012,SANDY,20121024,1800,,HU,17.7,-76.7,75,972.0,150.0,180.0,70.0,70.0,50.0,60.0,40.0,40.0,25.0,30.0,20.0,25.0,12-10-24,Cat 1,False,False,,,,,,,,,,,,142555,142555,7867840535.0,1140438322.0,yes
AL182012,SANDY,20121024,1900,L,HU,17.9,-76.6,75,971.0,150.0,180.0,70.0,70.0,50.0,60.0,40.0,40.0,25.0,30.0,20.0,25.0,12-10-24,Cat 1,True,False,,,,,,,,,,,,142555,142555,7867840535.0,1140438322.0,yes
AL182012,SANDY,20121025,0000,,HU,18.9,-76.4,85,964.0,180.0,240.0,70.0,70.0,50.0,60.0,40.0,40.0,30.0,30.0,25.0,25.0,12-10-25,Cat 2,False,False,,,,,,,,,,,,142555,142555,7867840535.0,1140438322.0,yes
AL182012,SANDY,20121025,0525,L,HU,20.0,-76.0,100,954.0,240.0,240.0,70.0,120.0,50.0,60.0,40.0,40.0,30.0,30.0,25.0,25.0,12-10-25,Cat 3,True,False,,,,,,,,,,,,142555,142555,7867840535.0,1140438322.0,yes
AL182012,SANDY,20121025,0600,,HU,20.1,-76.0,100,954.0,240.0,240.0,70.0,120.0,50.0,60.0,40.0,40.0,25.0,20.0,20.0,20.0,12-10-25,Cat 3,False,False,,,,,,,,,,,,142555,142555,7867840535.0,1140438322.0,yes
AL182012,SANDY,20121025,0900,T,HU,20.9,-75.7,95,960.0,240.0,240.0,70.0,180.0,50.0,60.0,40.0,40.0,25.0,20.0,20.0,20.0,12-10-25,Cat 2,False,False,,,,,,,,,,,,142555,142555,7867840535.0,1140438322.0,yes
AL182012,SANDY,20121025,1200,,HU,21.7,-75.5,95,966.0,240.0,240.0,70.0,240.0,60.0,60.0,40.0,50.0,30.0,30.0,20.0,20.0,12-10-25,Cat 2,False,False,,,,,,,,,,,,142555,142555,7867840535.0,1140438322.0,yes
AL182012,SANDY,20121025,1800,,HU,23.3,-75.3,90,963.0,270.0,270.0,120.0,270.0,60.0,60.0,40.0,50.0,30.0,30.0,20.0,20.0,12-10-25,Cat 2,False,False,,,,,,,,,,,,142555,142555,7867840535.0,1140438322.0,yes
AL182012,SANDY,20121026,0000,,HU,24.8,-75.9,75,965.0,300.0,300.0,160.0,270.0,70.0,60.0,40.0,60.0,30.0,30.0,20.0,30.0,12-10-26,Cat 1,False,False,,,,,,,,,,,,142555,142555,7867840535.0,1140438322.0,yes
AL182012,SANDY,20121026,0600,,HU,25.7,-76.4,70,968.0,300.0,300.0,160.0,240.0,90.0,70.0,50.0,70.0,30.0,20.0,0.0,60.0,12-10-26,Cat 1,False,False,,,,,,,,,,,,142555,142555,7867840535.0,1140438322.0,yes
AL182012,SANDY,20121026,1200,,HU,26.4,-76.9,65,970.0,360.0,240.0,170.0,240.0,90.0,80.0,90.0,120.0,0.0,0.0,0.0,90.0,12-10-26,Cat 1,False,False,,,,,,,,,,,,142555,142555,7867840535.0,1140438322.0,yes
AL182012,SANDY,20121026,1800,,HU,27.0,-77.2,65,971.0,400.0,210.0,170.0,240.0,60.0,70.0,90.0,140.0,0.0,0.0,0.0,90.0,12-10-26,Cat 1,False,False,,,,,,,,,,,,142555,142555,7867840535.0,1140438322.0,yes
AL182012,SANDY,20121027,0000,,TS,27.5,-77.1,60,969.0,450.0,210.0,180.0,270.0,0.0,0.0,120.0,160.0,0.0,0.0,0.0,0.0,12-10-27,TS,False,False,29.0,0.0,0.0,0.0,0.0,39705000.0,0.0,ATLANTIC SOUTH|FLORIDA|NORTH CAROLINA|SOUTH CAROLINA,106.0,4394108.0,738503.0,142555,142555,7867840535.0,1140438322.0,yes
AL182012,SANDY,20121027,0600,,TS,28.1,-76.9,60,968.0,450.0,260.0,180.0,280.0,0.0,0.0,120.0,160.0,0.0,0.0,0.0,0.0,12-10-27,TS,False,False,29.0,0.0,0.0,0.0,0.0,39705000.0,0.0,ATLANTIC SOUTH|FLORIDA|NORTH CAROLINA|SOUTH CAROLINA,106.0,4394108.0,738503.0,142555,142555,7867840535.0,1140438322.0,yes
AL182012,SANDY,20121027,1200,,HU,28.8,-76.5,70,956.0,450.0,300.0,210.0,280.0,30.0,120.0,160.0,200.0,0.0,0.0,120.0,120.0,12-10-27,Cat 1,False,False,29.0,0.0,0.0,0.0,0.0,39705000.0,0.0,ATLANTIC SOUTH|FLORIDA|NORTH CAROLINA|SOUTH CAROLINA,106.0,4394108.0,738503.0,142555,142555,7867840535.0,1140438322.0,yes
AL182012,SANDY,20121027,1800,,HU,29.7,-75.6,70,960.0,450.0,300.0,240.0,280.0,30.0,150.0,180.0,200.0,0.0,0.0,150.0,180.0,12-10-27,Cat 1,False,False,29.0,0.0,0.0,0.0,0.0,39705000.0,0.0,ATLANTIC SOUTH|FLORIDA|NORTH CAROLINA|SOUTH CAROLINA,106.0,4394108.0,738503.0,142555,142555,7867840535.0,1140438322.0,yes
AL182012,SANDY,20121028,0000,,HU,30.5,-74.7,65,960.0,480.0,300.0,300.0,280.0,30.0,180.0,180.0,210.0,0.0,0.0,150.0,180.0,12-10-28,Cat 1,False,False,97.0,1.0,1.0,0.0,0.0,10324964300.0,750000.0,ATLANTIC NORTH|DELAWARE|FLORIDA|GEORGIA|KENTUCKY|MARYLAND|NEW JERSEY|NEW YORK|NORTH CAROLINA|TENNESSEE|VIRGINIA|WEST VIRGINIA,1729.0,81320011.0,9874962.0,142555,142555,7867840535.0,1140438322.0,yes
AL182012,SANDY,20121028,0600,,HU,31.3,-73.9,65,959.0,450.0,300.0,300.0,270.0,0.0,180.0,180.0,210.0,0.0,0.0,150.0,180.0,12-10-28,Cat 1,False,False,97.0,1.0,1.0,0.0,0.0,10324964300.0,750000.0,ATLANTIC NORTH|DELAWARE|FLORIDA|GEORGIA|KENTUCKY|MARYLAND|NEW JERSEY|NEW YORK|NORTH CAROLINA|TENNESSEE|VIRGINIA|WEST VIRGINIA,1729.0,81320011.0,9874962.0,142555,142555,7867840535.0,1140438322.0,yes
AL182012,SANDY,20121028,1200,,HU,32.0,-73.0,65,954.0,450.0,300.0,300.0,270.0,0.0,150.0,200.0,210.0,0.0,0.0,150.0,180.0,12-10-28,Cat 1,False,False,97.0,1.0,1.0,0.0,0.0,10324964300.0,750000.0,ATLANTIC NORTH|DELAWARE|FLORIDA|GEORGIA|KENTUCKY|MARYLAND|NEW JERSEY|NEW YORK|NORTH CAROLINA|TENNESSEE|VIRGINIA|WEST VIRGINIA,1729.0,81320011.0,9874962.0,142555,142555,7867840535.0,1140438322.0,yes
AL182012,SANDY,20121028,1800,,HU,32.8,-72.0,65,952.0,450.0,300.0,350.0,270.0,0.0,150.0,200.0,210.0,0.0,0.0,150.0,180.0,12-10-28,Cat 1,False,False,97.0,1.0,1.0,0.0,0.0,10324964300.0,750000.0,ATLANTIC NORTH|DELAWARE|FLORIDA|GEORGIA|KENTUCKY|MARYLAND|NEW JERSEY|NEW YORK|NORTH CAROLINA|TENNESSEE|VIRGINIA|WEST VIRGINIA,1729.0,81320011.0,9874962.0,142555,142555,7867840535.0,1140438322.0,yes
AL182012,SANDY,20121029,0000,,HU,33.9,-71.0,70,950.0,450.0,300.0,400.0,270.0,150.0,150.0,200.0,200.0,0.0,0.0,150.0,0.0,12-10-29,Cat 1,False,False,567.0,76.0,56.0,18.0,15.0,14864565620.0,2230000.0,ATLANTIC NORTH|CONNECTICUT|DELAWARE|DISTRICT OF COLUMBIA|GEORGIA|INDIANA|KENTUCKY|MAINE|MARYLAND|MASSACHUSETTS|MICHIGAN|NEW HAMPSHIRE|NEW JERSEY|NEW YORK|NORTH CAROLINA|OHIO|PENNSYLVANIA|PUERTO RICO|RHODE ISLAND|VERMONT|VIRGINIA|WEST VIRGINIA,124785.0,6921316674.0,1003469249.0,142555,142555,7867840535.0,1140438322.0,yes
AL182012,SANDY,20121029,0600,,HU,35.3,-70.5,80,947.0,420.0,360.0,450.0,270.0,150.0,150.0,200.0,180.0,0.0,0.0,150.0,0.0,12-10-29,Cat 1,False,False,567.0,76.0,56.0,18.0,15.0,14864565620.0,2230000.0,ATLANTIC NORTH|CONNECTICUT|DELAWARE|DISTRICT OF COLUMBIA|GEORGIA|INDIANA|KENTUCKY|MAINE|MARYLAND|MASSACHUSETTS|MICHIGAN|NEW HAMPSHIRE|NEW JERSEY|NEW YORK|NORTH CAROLINA|OHIO|PENNSYLVANIA|PUERTO RICO|RHODE ISLAND|VERMONT|VIRGINIA|WEST VIRGINIA,124785.0,6921316674.0,1003469249.0,142555,142555,7867840535.0,1140438322.0,yes
AL182012,SANDY,20121029,1200,,HU,36.9,-71.0,85,945.0,420.0,420.0,400.0,270.0,200.0,150.0,200.0,180.0,0.0,70.0,120.0,0.0,12-10-29,Cat 2,False,False,567.0,76.0,56.0,18.0,15.0,14864565620.0,2230000.0,ATLANTIC NORTH|CONNECTICUT|DELAWARE|DISTRICT OF COLUMBIA|GEORGIA|INDIANA|KENTUCKY|MAINE|MARYLAND|MASSACHUSETTS|MICHIGAN|NEW HAMPSHIRE|NEW JERSEY|NEW YORK|NORTH CAROLINA|OHIO|PENNSYLVANIA|PUERTO RICO|RHODE ISLAND|VERMONT|VIRGINIA|WEST VIRGINIA,124785.0,6921316674.0,1003469249.0,142555,142555,7867840535.0,1140438322.0,yes
AL182012,SANDY,20121029,1800,,HU,38.3,-73.2,80,940.0,420.0,420.0,400.0,420.0,220.0,150.0,200.0,150.0,180.0,80.0,120.0,0.0,12-10-29,Cat 1,False,False,567.0,76.0,56.0,18.0,15.0,14864565620.0,2230000.0,ATLANTIC NORTH|CONNECTICUT|DELAWARE|DISTRICT OF COLUMBIA|GEORGIA|INDIANA|KENTUCKY|MAINE|MARYLAND|MASSACHUSETTS|MICHIGAN|NEW HAMPSHIRE|NEW JERSEY|NEW YORK|NORTH CAROLINA|OHIO|PENNSYLVANIA|PUERTO RICO|RHODE ISLAND|VERMONT|VIRGINIA|WEST VIRGINIA,124785.0,6921316674.0,1003469249.0,142555,142555,7867840535.0,1140438322.0,yes
AL182012,SANDY,20121029,2100,S,EX,38.8,-74.0,75,943.0,420.0,420.0,400.0,420.0,220.0,150.0,200.0,150.0,180.0,80.0,120.0,0.0,12-10-29,Cat 1,False,False,567.0,76.0,56.0,18.0,15.0,14864565620.0,2230000.0,ATLANTIC NORTH|CONNECTICUT|DELAWARE|DISTRICT OF COLUMBIA|GEORGIA|INDIANA|KENTUCKY|MAINE|MARYLAND|MASSACHUSETTS|MICHIGAN|NEW HAMPSHIRE|NEW JERSEY|NEW YORK|NORTH CAROLINA|OHIO|PENNSYLVANIA|PUERTO RICO|RHODE ISLAND|VERMONT|VIRGINIA|WEST VIRGINIA,124785.0,6921316674.0,1003469249.0,142555,142555,7867840535.0,1140438322.0,yes
AL182012,SANDY,20121029,2330,L,EX,39.4,-74.4,70,945.0,460.0,370.0,400.0,490.0,180.0,150.0,80.0,50.0,70.0,80.0,60.0,0.0,12-10-29,Cat 1,True,False,567.0,76.0,56.0,18.0,15.0,14864565620.0,2230000.0,ATLANTIC NORTH|CONNECTICUT|DELAWARE|DISTRICT OF COLUMBIA|GEORGIA|INDIANA|KENTUCKY|MAINE|MARYLAND|MASSACHUSETTS|MICHIGAN|NEW HAMPSHIRE|NEW JERSEY|NEW YORK|NORTH CAROLINA|OHIO|PENNSYLVANIA|PUERTO RICO|RHODE ISLAND|VERMONT|VIRGINIA|WEST VIRGINIA,124785.0,6921316674.0,1003469249.0,142555,142555,7867840535.0,1140438322.0,yes
AL182012,SANDY,20121030,0000,,EX,39.5,-74.5,70,946.0,460.0,370.0,400.0,490.0,150.0,150.0,80.0,50.0,65.0,0.0,0.0,0.0,12-10-30,Cat 1,False,False,122.0,1.0,1.0,0.0,0.0,18140000.0,0.0,DELAWARE|DISTRICT OF COLUMBIA|KENTUCKY|MAINE|MARYLAND|MASSACHUSETTS|MICHIGAN|NEW HAMPSHIRE|NEW JERSEY|NEW YORK|NORTH CAROLINA|OHIO|PENNSYLVANIA|VIRGINIA|WEST VIRGINIA|WISCONSIN,13977.0,753550610.0,108969436.0,142555,142555,7867840535.0,1140438322.0,yes
AL182012,SANDY,20121030,0600,,EX,39.9,-76.2,55,960.0,450.0,400.0,160.0,530.0,150.0,150.0,30.0,30.0,0.0,0.0,0.0,0.0,12-10-30,TS,False,False,122.0,1.0,1.0,0.0,0.0,18140000.0,0.0,DELAWARE|DISTRICT OF COLUMBIA|KENTUCKY|MAINE|MARYLAND|MASSACHUSETTS|MICHIGAN|NEW HAMPSHIRE|NEW JERSEY|NEW YORK|NORTH CAROLINA|OHIO|PENNSYLVANIA|VIRGINIA|WEST VIRGINIA|WISCONSIN,13977.0,753550610.0,108969436.0,142555,142555,7867840535.0,1140438322.0,yes
AL182012,SANDY,20121030,1200,,EX,40.1,-77.8,50,978.0,450.0,490.0,0.0,500.0,0.0,0.0,0.0,260.0,0.0,0.0,0.0,0.0,12-10-30,TS,False,False,122.0,1.0,1.0,0.0,0.0,18140000.0,0.0,DELAWARE|DISTRICT OF COLUMBIA|KENTUCKY|MAINE|MARYLAND|MASSACHUSETTS|MICHIGAN|NEW HAMPSHIRE|NEW JERSEY|NEW YORK|NORTH CAROLINA|OHIO|PENNSYLVANIA|VIRGINIA|WEST VIRGINIA|WISCONSIN,13977.0,753550610.0,108969436.0,142555,142555,7867840535.0,1140438322.0,yes
AL182012,SANDY,20121030,1800,,EX,40.4,-78.9,40,986.0,0.0,530.0,0.0,430.0,0.0,0.0,0.0,0.0,0.0,0.0,0.0,0.0,12-10-30,TS,False,False,122.0,1.0,1.0,0.0,0.0,18140000.0,0.0,DELAWARE|DISTRICT OF COLUMBIA|KENTUCKY|MAINE|MARYLAND|MASSACHUSETTS|MICHIGAN|NEW HAMPSHIRE|NEW JERSEY|NEW YORK|NORTH CAROLINA|OHIO|PENNSYLVANIA|VIRGINIA|WEST VIRGINIA|WISCONSIN,13977.0,753550610.0,108969436.0,142555,142555,7867840535.0,1140438322.0,yes
AL182012,SANDY,20121031,0000,,EX,40.7,-79.8,35,992.0,0.0,0.0,0.0,410.0,0.0,0.0,0.0,0.0,0.0,0.0,0.0,0.0,12-10-31,TS,False,False,2.0,0.0,0.0,0.0,0.0,0.0,0.0,MAINE|MICHIGAN,1153.0,65529066.0,10792838.0,142555,142555,7867840535.0,1140438322.0,yes
AL182012,SANDY,20121031,0600,,EX,41.1,-80.3,35,993.0,0.0,0.0,0.0,380.0,0.0,0.0,0.0,0.0,0.0,0.0,0.0,0.0,12-10-31,TS,False,False,2.0,0.0,0.0,0.0,0.0,0.0,0.0,MAINE|MICHIGAN,1153.0,65529066.0,10792838.0,142555,142555,7867840535.0,1140438322.0,yes
AL182012,SANDY,20121031,1200,,EX,41.5,-80.7,30,995.0,0.0,0.0,0.0,0.0,0.0,0.0,0.0,0.0,0.0,0.0,0.0,0.0,12-10-31,TD,False,False,2.0,0.0,0.0,0.0,0.0,0.0,0.0,MAINE|MICHIGAN,1153.0,65529066.0,10792838.0,142555,142555,7867840535.0,1140438322.0,yes
AL092017,HARVEY,20170816,0600,,LO,13.7,-45.8,25,1013.0,0.0,0.0,0.0,0.0,0.0,0.0,0.0,0.0,0.0,0.0,0.0,0.0,17-08-16,TD,False,False,,,,,,,,,,,,91772,91772,7073626855.0,2444165668.0,yes
AL092017,HARVEY,20170816,1200,,LO,13.7,-47.4,25,1010.0,0.0,0.0,0.0,0.0,0.0,0.0,0.0,0.0,0.0,0.0,0.0,0.0,17-08-16,TD,False,False,,,,,,,,,,,,91772,91772,7073626855.0,2444165668.0,yes
AL092017,HARVEY,20170816,1800,,LO,13.6,-49.0,25,1009.0,0.0,0.0,0.0,0.0,0.0,0.0,0.0,0.0,0.0,0.0,0.0,0.0,17-08-16,TD,False,False,,,,,,,,,,,,91772,91772,7073626855.0,2444165668.0,yes
AL092017,HARVEY,20170817,0000,,LO,13.6,-50.6,25,1010.0,0.0,0.0,0.0,0.0,0.0,0.0,0.0,0.0,0.0,0.0,0.0,0.0,17-08-17,TD,False,False,,,,,,,,,,,,91772,91772,7073626855.0,2444165668.0,yes
AL092017,HARVEY,20170817,0600,,TD,13.4,-52.0,25,1008.0,0.0,0.0,0.0,0.0,0.0,0.0,0.0,0.0,0.0,0.0,0.0,0.0,17-08-17,TD,False,False,,,,,,,,,,,,91772,91772,7073626855.0,2444165668.0,yes
AL092017,HARVEY,20170817,1200,,TD,13.1,-53.4,30,1008.0,0.0,0.0,0.0,0.0,0.0,0.0,0.0,0.0,0.0,0.0,0.0,0.0,17-08-17,TD,False,False,,,,,,,,,,,,91772,91772,7073626855.0,2444165668.0,yes
AL092017,HARVEY,20170817,1800,,TS,13.0,-55.0,35,1004.0,30.0,0.0,0.0,30.0,0.0,0.0,0.0,0.0,0.0,0.0,0.0,0.0,17-08-17,TS,False,False,,,,,,,,,,,,91772,91772,7073626855.0,2444165668.0,yes
AL092017,HARVEY,20170818,0000,,TS,13.0,-56.6,40,1003.0,50.0,0.0,0.0,50.0,0.0,0.0,0.0,0.0,0.0,0.0,0.0,0.0,17-08-18,TS,False,False,,,,,,,,,,,,91772,91772,7073626855.0,2444165668.0,yes
AL092017,HARVEY,20170818,0600,,TS,13.0,-58.4,40,1004.0,50.0,0.0,0.0,50.0,0.0,0.0,0.0,0.0,0.0,0.0,0.0,0.0,17-08-18,TS,False,False,,,,,,,,,,,,91772,91772,7073626855.0,2444165668.0,yes
AL092017,HARVEY,20170818,1000,L,TS,13.1,-59.6,40,1004.0,50.0,0.0,0.0,50.0,0.0,0.0,0.0,0.0,0.0,0.0,0.0,0.0,17-08-18,TS,True,False,,,,,,,,,,,,91772,91772,7073626855.0,2444165668.0,yes
AL092017,HARVEY,20170818,1200,,TS,13.1,-60.3,40,1004.0,60.0,0.0,0.0,60.0,0.0,0.0,0.0,0.0,0.0,0.0,0.0,0.0,17-08-18,TS,False,False,,,,,,,,,,,,91772,91772,7073626855.0,2444165668.0,yes
AL092017,HARVEY,20170818,1500,L,TS,13.2,-61.2,40,1004.0,60.0,0.0,0.0,60.0,0.0,0.0,0.0,0.0,0.0,0.0,0.0,0.0,17-08-18,TS,True,False,,,,,,,,,,,,91772,91772,7073626855.0,2444165668.0,yes
AL092017,HARVEY,20170818,1800,,TS,13.2,-62.2,35,1005.0,60.0,0.0,0.0,60.0,0.0,0.0,0.0,0.0,0.0,0.0,0.0,0.0,17-08-18,TS,False,False,,,,,,,,,,,,91772,91772,7073626855.0,2444165668.0,yes
AL092017,HARVEY,20170819,0000,,TS,13.4,-64.0,35,1005.0,60.0,0.0,0.0,60.0,0.0,0.0,0.0,0.0,0.0,0.0,0.0,0.0,17-08-19,TS,False,False,,,,,,,,,,,,91772,91772,7073626855.0,2444165668.0,yes
AL092017,HARVEY,20170819,0600,,TS,13.5,-65.7,35,1005.0,60.0,0.0,0.0,60.0,0.0,0.0,0.0,0.0,0.0,0.0,0.0,0.0,17-08-19,TS,False,False,,,,,,,,,,,,91772,91772,7073626855.0,2444165668.0,yes
AL092017,HARVEY,20170819,1200,,TD,13.7,-67.5,30,1006.0,0.0,0.0,0.0,0.0,0.0,0.0,0.0,0.0,0.0,0.0,0.0,0.0,17-08-19,TD,False,False,,,,,,,,,,,,91772,91772,7073626855.0,2444165668.0,yes
AL092017,HARVEY,20170819,1800,,WV,13.8,-69.2,30,1007.0,0.0,0.0,0.0,0.0,0.0,0.0,0.0,0.0,0.0,0.0,0.0,0.0,17-08-19,TD,False,False,,,,,,,,,,,,91772,91772,7073626855.0,2444165668.0,yes
AL092017,HARVEY,20170820,0000,,WV,14.0,-71.0,30,1007.0,0.0,0.0,0.0,0.0,0.0,0.0,0.0,0.0,0.0,0.0,0.0,0.0,17-08-20,TD,False,False,,,,,,,,,,,,91772,91772,7073626855.0,2444165668.0,yes
AL092017,HARVEY,20170820,0600,,WV,14.2,-72.9,30,1007.0,0.0,0.0,0.0,0.0,0.0,0.0,0.0,0.0,0.0,0.0,0.0,0.0,17-08-20,TD,False,False,,,,,,,,,,,,91772,91772,7073626855.0,2444165668.0,yes
AL092017,HARVEY,20170820,1200,,WV,14.4,-75.0,30,1006.0,0.0,0.0,0.0,0.0,0.0,0.0,0.0,0.0,0.0,0.0,0.0,0.0,17-08-20,TD,False,False,,,,,,,,,,,,91772,91772,7073626855.0,2444165668.0,yes
AL092017,HARVEY,20170820,1800,,WV,14.7,-76.8,30,1007.0,0.0,0.0,0.0,0.0,0.0,0.0,0.0,0.0,0.0,0.0,0.0,0.0,17-08-20,TD,False,False,,,,,,,,,,,,91772,91772,7073626855.0,2444165668.0,yes
AL092017,HARVEY,20170821,0000,,WV,15.1,-78.6,25,1007.0,0.0,0.0,0.0,0.0,0.0,0.0,0.0,0.0,0.0,0.0,0.0,0.0,17-08-21,TD,False,False,,,,,,,,,,,,91772,91772,7073626855.0,2444165668.0,yes
AL092017,HARVEY,20170821,0600,,WV,15.7,-80.5,25,1008.0,0.0,0.0,0.0,0.0,0.0,0.0,0.0,0.0,0.0,0.0,0.0,0.0,17-08-21,TD,False,False,,,,,,,,,,,,91772,91772,7073626855.0,2444165668.0,yes
AL092017,HARVEY,20170821,1200,,WV,16.4,-82.5,25,1008.0,0.0,0.0,0.0,0.0,0.0,0.0,0.0,0.0,0.0,0.0,0.0,0.0,17-08-21,TD,False,False,,,,,,,,,,,,91772,91772,7073626855.0,2444165668.0,yes
AL092017,HARVEY,20170821,1800,,WV,17.3,-84.6,25,1008.0,0.0,0.0,0.0,0.0,0.0,0.0,0.0,0.0,0.0,0.0,0.0,0.0,17-08-21,TD,False,False,,,,,,,,,,,,91772,91772,7073626855.0,2444165668.0,yes
AL092017,HARVEY,20170822,0000,,WV,18.0,-86.4,25,1008.0,0.0,0.0,0.0,0.0,0.0,0.0,0.0,0.0,0.0,0.0,0.0,0.0,17-08-22,TD,False,False,,,,,,,,,,,,91772,91772,7073626855.0,2444165668.0,yes
AL092017,HARVEY,20170822,0600,,WV,18.6,-87.8,25,1009.0,0.0,0.0,0.0,0.0,0.0,0.0,0.0,0.0,0.0,0.0,0.0,0.0,17-08-22,TD,False,False,,,,,,,,,,,,91772,91772,7073626855.0,2444165668.0,yes
AL092017,HARVEY,20170822,1200,,WV,19.4,-88.8,25,1010.0,0.0,0.0,0.0,0.0,0.0,0.0,0.0,0.0,0.0,0.0,0.0,0.0,17-08-22,TD,False,False,,,,,,,,,,,,91772,91772,7073626855.0,2444165668.0,yes
AL092017,HARVEY,20170822,1800,,LO,20.0,-89.7,25,1010.0,0.0,0.0,0.0,0.0,0.0,0.0,0.0,0.0,0.0,0.0,0.0,0.0,17-08-22,TD,False,False,,,,,,,,,,,,91772,91772,7073626855.0,2444165668.0,yes
AL092017,HARVEY,20170823,0000,,LO,20.5,-90.7,25,1009.0,0.0,0.0,0.0,0.0,0.0,0.0,0.0,0.0,0.0,0.0,0.0,0.0,17-08-23,TD,False,False,,,,,,,,,,,,91772,91772,7073626855.0,2444165668.0,yes
AL092017,HARVEY,20170823,0600,,LO,20.9,-91.6,25,1008.0,0.0,0.0,0.0,0.0,0.0,0.0,0.0,0.0,0.0,0.0,0.0,0.0,17-08-23,TD,False,False,,,,,,,,,,,,91772,91772,7073626855.0,2444165668.0,yes
AL092017,HARVEY,20170823,1200,,TD,21.4,-92.3,30,1006.0,0.0,0.0,0.0,0.0,0.0,0.0,0.0,0.0,0.0,0.0,0.0,0.0,17-08-23,TD,False,False,,,,,,,,,,,,91772,91772,7073626855.0,2444165668.0,yes
AL092017,HARVEY,20170823,1800,,TS,21.6,-92.4,35,1005.0,60.0,0.0,0.0,0.0,0.0,0.0,0.0,0.0,0.0,0.0,0.0,0.0,17-08-23,TS,False,False,,,,,,,,,,,,91772,91772,7073626855.0,2444165668.0,yes
AL092017,HARVEY,20170824,0000,,TS,22.0,-92.5,40,1003.0,70.0,0.0,0.0,0.0,0.0,0.0,0.0,0.0,0.0,0.0,0.0,0.0,17-08-24,TS,False,False,,,,,,,,,326.0,11307050.0,3830295.0,91772,91772,7073626855.0,2444165668.0,yes
AL092017,HARVEY,20170824,0600,,TS,22.8,-92.6,50,997.0,80.0,0.0,0.0,50.0,30.0,0.0,0.0,0.0,0.0,0.0,0.0,0.0,17-08-24,TS,False,False,,,,,,,,,326.0,11307050.0,3830295.0,91772,91772,7073626855.0,2444165668.0,yes
AL092017,HARVEY,20170824,1200,,TS,23.7,-93.1,60,986.0,80.0,30.0,20.0,50.0,30.0,10.0,0.0,20.0,0.0,0.0,0.0,0.0,17-08-24,TS,False,False,,,,,,,,,326.0,11307050.0,3830295.0,91772,91772,7073626855.0,2444165668.0,yes
AL092017,HARVEY,20170824,1800,,HU,24.4,-93.6,70,978.0,80.0,40.0,30.0,60.0,30.0,20.0,20.0,30.0,20.0,0.0,0.0,0.0,17-08-24,Cat 1,False,False,,,,,,,,,326.0,11307050.0,3830295.0,91772,91772,7073626855.0,2444165668.0,yes
AL092017,HARVEY,20170825,0000,,HU,25.0,-94.4,80,973.0,90.0,50.0,40.0,60.0,30.0,20.0,20.0,30.0,20.0,10.0,10.0,10.0,17-08-25,Cat 1,False,False,67.0,0.0,3.0,14.0,50.0,7400431500.0,45000000.0,GULF OF MEXICO|OKLAHOMA|TEXAS,9356.0,427129274.0,133752657.0,91772,91772,7073626855.0,2444165668.0,yes
AL092017,HARVEY,20170825,0600,,HU,25.6,-95.1,90,966.0,120.0,50.0,40.0,90.0,30.0,30.0,20.0,30.0,20.0,20.0,10.0,20.0,17-08-25,Cat 2,False,False,67.0,0.0,3.0,14.0,50.0,7400431500.0,45000000.0,GULF OF MEXICO|OKLAHOMA|TEXAS,9356.0,427129274.0,133752657.0,91772,91772,7073626855.0,2444165668.0,yes
AL092017,HARVEY,20170825,1200,,HU,26.3,-95.8,95,949.0,120.0,90.0,80.0,100.0,50.0,40.0,40.0,30.0,30.0,20.0,10.0,20.0,17-08-25,Cat 2,False,False,67.0,0.0,3.0,14.0,50.0,7400431500.0,45000000.0,GULF OF MEXICO|OKLAHOMA|TEXAS,9356.0,427129274.0,133752657.0,91772,91772,7073626855.0,2444165668.0,yes
AL092017,HARVEY,20170825,1800,,HU,27.1,-96.3,105,943.0,120.0,90.0,80.0,100.0,50.0,40.0,40.0,40.0,30.0,25.0,20.0,25.0,17-08-25,Cat 3,False,False,67.0,0.0,3.0,14.0,50.0,7400431500.0,45000000.0,GULF OF MEXICO|OKLAHOMA|TEXAS,9356.0,427129274.0,133752657.0,91772,91772,7073626855.0,2444165668.0,yes
AL092017,HARVEY,20170826,0000,,HU,27.8,-96.8,115,941.0,120.0,90.0,80.0,70.0,60.0,40.0,40.0,40.0,35.0,25.0,20.0,25.0,17-08-26,Cat 4,False,False,77.0,56.0,5.0,0.0,0.0,32910127000.0,20280000.0,LOUISIANA|TEXAS,20590.0,1376805758.0,433732212.0,91772,91772,7073626855.0,2444165668.0,yes
AL092017,HARVEY,20170826,0300,L,HU,28.0,-96.9,115,937.0,120.0,90.0,80.0,70.0,60.0,40.0,40.0,40.0,35.0,25.0,20.0,25.0,17-08-26,Cat 4,True,False,77.0,56.0,5.0,0.0,0.0,32910127000.0,20280000.0,LOUISIANA|TEXAS,20590.0,1376805758.0,433732212.0,91772,91772,7073626855.0,2444165668.0,yes
AL092017,HARVEY,20170826,0600,L,HU,28.2,-97.1,105,948.0,120.0,100.0,70.0,70.0,50.0,50.0,30.0,40.0,30.0,25.0,20.0,25.0,17-08-26,Cat 3,True,False,77.0,56.0,5.0,0.0,0.0,32910127000.0,20280000.0,LOUISIANA|TEXAS,20590.0,1376805758.0,433732212.0,91772,91772,7073626855.0,2444165668.0,yes
AL092017,HARVEY,20170826,1200,,HU,28.7,-97.3,65,978.0,120.0,100.0,70.0,70.0,50.0,50.0,30.0,40.0,25.0,20.0,15.0,20.0,17-08-26,Cat 1,False,False,77.0,56.0,5.0,0.0,0.0,32910127000.0,20280000.0,LOUISIANA|TEXAS,20590.0,1376805758.0,433732212.0,91772,91772,7073626855.0,2444165668.0,yes
AL092017,HARVEY,20170826,1800,,TS,29.0,-97.5,50,991.0,75.0,100.0,30.0,50.0,40.0,40.0,20.0,30.0,0.0,0.0,0.0,0.0,17-08-26,TS,False,False,77.0,56.0,5.0,0.0,0.0,32910127000.0,20280000.0,LOUISIANA|TEXAS,20590.0,1376805758.0,433732212.0,91772,91772,7073626855.0,2444165668.0,yes
AL092017,HARVEY,20170827,0000,,TS,29.2,-97.4,45,995.0,50.0,100.0,30.0,50.0,0.0,0.0,0.0,0.0,0.0,0.0,0.0,0.0,17-08-27,TS,False,False,43.0,8.0,1.0,1.0,0.0,10732155000.0,60000.0,LOUISIANA|TEXAS,28435.0,2523694770.0,844718606.0,91772,91772,7073626855.0,2444165668.0,yes
AL092017,HARVEY,20170827,0600,,TS,29.3,-97.6,40,998.0,50.0,100.0,30.0,50.0,0.0,0.0,0.0,0.0,0.0,0.0,0.0,0.0,17-08-27,TS,False,False,43.0,8.0,1.0,1.0,0.0,10732155000.0,60000.0,LOUISIANA|TEXAS,28435.0,2523694770.0,844718606.0,91772,91772,7073626855.0,2444165668.0,yes
AL092017,HARVEY,20170827,1200,,TS,29.1,-97.5,35,998.0,150.0,60.0,0.0,30.0,0.0,0.0,0.0,0.0,0.0,0.0,0.0,0.0,17-08-27,TS,False,False,43.0,8.0,1.0,1.0,0.0,10732155000.0,60000.0,LOUISIANA|TEXAS,28435.0,2523694770.0,844718606.0,91772,91772,7073626855.0,2444165668.0,yes
AL092017,HARVEY,20170827,1800,,TS,29.0,-97.2,35,998.0,120.0,60.0,30.0,60.0,0.0,0.0,0.0,0.0,0.0,0.0,0.0,0.0,17-08-27,TS,False,False,43.0,8.0,1.0,1.0,0.0,10732155000.0,60000.0,LOUISIANA|TEXAS,28435.0,2523694770.0,844718606.0,91772,91772,7073626855.0,2444165668.0,yes
AL092017,HARVEY,20170828,0000,,TS,28.8,-96.8,35,997.0,120.0,60.0,30.0,60.0,0.0,0.0,0.0,0.0,0.0,0.0,0.0,0.0,17-08-28,TS,False,False,20.0,1.0,0.0,0.0,0.0,78015000.0,0.0,LOUISIANA|TEXAS,13518.0,1189147982.0,440579625.0,91772,91772,7073626855.0,2444165668.0,yes
AL092017,HARVEY,20170828,0600,,TS,28.6,-96.5,40,997.0,150.0,150.0,30.0,60.0,0.0,0.0,0.0,0.0,0.0,0.0,0.0,0.0,17-08-28,TS,False,False,20.0,1.0,0.0,0.0,0.0,78015000.0,0.0,LOUISIANA|TEXAS,13518.0,1189147982.0,440579625.0,91772,91772,7073626855.0,2444165668.0,yes
AL092017,HARVEY,20170828,1200,,TS,28.5,-96.2,40,997.0,150.0,150.0,30.0,0.0,0.0,0.0,0.0,0.0,0.0,0.0,0.0,0.0,17-08-28,TS,False,False,20.0,1.0,0.0,0.0,0.0,78015000.0,0.0,LOUISIANA|TEXAS,13518.0,1189147982.0,440579625.0,91772,91772,7073626855.0,2444165668.0,yes
AL092017,HARVEY,20170828,1800,,TS,28.4,-95.9,40,997.0,150.0,150.0,60.0,0.0,0.0,0.0,0.0,0.0,0.0,0.0,0.0,0.0,17-08-28,TS,False,False,20.0,1.0,0.0,0.0,0.0,78015000.0,0.0,LOUISIANA|TEXAS,13518.0,1189147982.0,440579625.0,91772,91772,7073626855.0,2444165668.0,yes
AL092017,HARVEY,20170829,0000,,TS,28.2,-95.4,40,996.0,150.0,150.0,60.0,60.0,0.0,0.0,0.0,0.0,0.0,0.0,0.0,0.0,17-08-29,TS,False,False,24.0,2.0,0.0,0.0,0.0,130201000.0,0.0,ALABAMA|GULF OF MEXICO|LOUISIANA|TEXAS,10973.0,963792104.0,369334862.0,91772,91772,7073626855.0,2444165668.0,yes
AL092017,HARVEY,20170829,0600,,TS,28.1,-95.0,40,996.0,150.0,150.0,60.0,60.0,0.0,0.0,0.0,0.0,0.0,0.0,0.0,0.0,17-08-29,TS,False,False,24.0,2.0,0.0,0.0,0.0,130201000.0,0.0,ALABAMA|GULF OF MEXICO|LOUISIANA|TEXAS,10973.0,963792104.0,369334862.0,91772,91772,7073626855.0,2444165668.0,yes
AL092017,HARVEY,20170829,1200,,TS,28.2,-94.6,40,995.0,140.0,140.0,60.0,60.0,0.0,0.0,0.0,0.0,0.0,0.0,0.0,0.0,17-08-29,TS,False,False,24.0,2.0,0.0,0.0,0.0,130201000.0,0.0,ALABAMA|GULF OF MEXICO|LOUISIANA|TEXAS,10973.0,963792104.0,369334862.0,91772,91772,7073626855.0,2444165668.0,yes
AL092017,HARVEY,20170829,1800,,TS,28.5,-94.2,45,993.0,100.0,140.0,60.0,60.0,0.0,0.0,0.0,0.0,0.0,0.0,0.0,0.0,17-08-29,TS,False,False,24.0,2.0,0.0,0.0,0.0,130201000.0,0.0,ALABAMA|GULF OF MEXICO|LOUISIANA|TEXAS,10973.0,963792104.0,369334862.0,91772,91772,7073626855.0,2444165668.0,yes
AL092017,HARVEY,20170830,0000,,TS,28.9,-93.8,45,994.0,100.0,140.0,60.0,60.0,0.0,0.0,0.0,0.0,0.0,0.0,0.0,0.0,17-08-30,TS,False,False,93.0,2.0,0.0,0.0,0.0,1436000.0,0.0,ALABAMA|FLORIDA|GULF OF MEXICO|LOUISIANA|MISSISSIPPI|TEXAS,5765.0,417048087.0,157196566.0,91772,91772,7073626855.0,2444165668.0,yes
AL092017,HARVEY,20170830,0600,,TS,29.4,-93.6,40,990.0,70.0,70.0,70.0,70.0,0.0,0.0,0.0,0.0,0.0,0.0,0.0,0.0,17-08-30,TS,False,False,93.0,2.0,0.0,0.0,0.0,1436000.0,0.0,ALABAMA|FLORIDA|GULF OF MEXICO|LOUISIANA|MISSISSIPPI|TEXAS,5765.0,417048087.0,157196566.0,91772,91772,7073626855.0,2444165668.0,yes
AL092017,HARVEY,20170830,0800,L,TS,29.8,-93.5,40,991.0,60.0,60.0,70.0,70.0,0.0,0.0,0.0,0.0,0.0,0.0,0.0,0.0,17-08-30,TS,True,False,93.0,2.0,0.0,0.0,0.0,1436000.0,0.0,ALABAMA|FLORIDA|GULF OF MEXICO|LOUISIANA|MISSISSIPPI|TEXAS,5765.0,417048087.0,157196566.0,91772,91772,7073626855.0,2444165668.0,yes
AL092017,HARVEY,20170830,1200,,TS,30.1,-93.4,40,992.0,40.0,60.0,70.0,40.0,0.0,0.0,0.0,0.0,0.0,0.0,0.0,0.0,17-08-30,TS,False,False,93.0,2.0,0.0,0.0,0.0,1436000.0,0.0,ALABAMA|FLORIDA|GULF OF MEXICO|LOUISIANA|MISSISSIPPI|TEXAS,5765.0,417048087.0,157196566.0,91772,91772,7073626855.0,2444165668.0,yes
AL092017,HARVEY,20170830,1800,,TS,30.6,-93.1,35,996.0,0.0,60.0,70.0,0.0,0.0,0.0,0.0,0.0,0.0,0.0,0.0,0.0,17-08-30,TS,False,False,93.0,2.0,0.0,0.0,0.0,1436000.0,0.0,ALABAMA|FLORIDA|GULF OF MEXICO|LOUISIANA|MISSISSIPPI|TEXAS,5765.0,417048087.0,157196566.0,91772,91772,7073626855.0,2444165668.0,yes
AL092017,HARVEY,20170831,0000,,TD,31.3,-92.6,30,998.0,0.0,0.0,0.0,0.0,0.0,0.0,0.0,0.0,0.0,0.0,0.0,0.0,17-08-31,TD,False,False,85.0,0.0,0.0,6.0,0.0,723500.0,0.0,ALABAMA|ARKANSAS|FLORIDA|GEORGIA|GULF OF MEXICO|LOUISIANA|MISSISSIPPI|MISSOURI|SOUTH CAROLINA|TENNESSEE,1539.0,100057191.0,36796530.0,91772,91772,7073626855.0,2444165668.0,yes
AL092017,HARVEY,20170831,0600,,TD,31.9,-92.2,25,999.0,0.0,0.0,0.0,0.0,0.0,0.0,0.0,0.0,0.0,0.0,0.0,0.0,17-08-31,TD,False,False,85.0,0.0,0.0,6.0,0.0,723500.0,0.0,ALABAMA|ARKANSAS|FLORIDA|GEORGIA|GULF OF MEXICO|LOUISIANA|MISSISSIPPI|MISSOURI|SOUTH CAROLINA|TENNESSEE,1539.0,100057191.0,36796530.0,91772,91772,7073626855.0,2444165668.0,yes
AL092017,HARVEY,20170831,1200,,TD,32.5,-91.7,20,1001.0,0.0,0.0,0.0,0.0,0.0,0.0,0.0,0.0,0.0,0.0,0.0,0.0,17-08-31,TD,False,False,85.0,0.0,0.0,6.0,0.0,723500.0,0.0,ALABAMA|ARKANSAS|FLORIDA|GEORGIA|GULF OF MEXICO|LOUISIANA|MISSISSIPPI|MISSOURI|SOUTH CAROLINA|TENNESSEE,1539.0,100057191.0,36796530.0,91772,91772,7073626855.0,2444165668.0,yes
AL092017,HARVEY,20170831,1800,,TD,33.4,-90.9,25,1001.0,0.0,0.0,0.0,0.0,0.0,0.0,0.0,0.0,0.0,0.0,0.0,0.0,17-08-31,TD,False,False,85.0,0.0,0.0,6.0,0.0,723500.0,0.0,ALABAMA|ARKANSAS|FLORIDA|GEORGIA|GULF OF MEXICO|LOUISIANA|MISSISSIPPI|MISSOURI|SOUTH CAROLINA|TENNESSEE,1539.0,100057191.0,36796530.0,91772,91772,7073626855.0,2444165668.0,yes
AL092017,HARVEY,20170901,0000,,TD,34.1,-89.6,30,1000.0,0.0,0.0,0.0,0.0,0.0,0.0,0.0,0.0,0.0,0.0,0.0,0.0,17-09-01,TD,False,False,53.0,0.0,0.0,0.0,0.0,827500.0,0.0,ATLANTIC SOUTH|KENTUCKY|LOUISIANA|MISSISSIPPI|NORTH CAROLINA|SOUTH CAROLINA|TENNESSEE|TEXAS,765.0,41405396.0,15775046.0,91772,91772,7073626855.0,2444165668.0,yes
AL092017,HARVEY,20170901,0600,,EX,34.9,-88.2,30,1002.0,0.0,0.0,0.0,0.0,0.0,0.0,0.0,0.0,0.0,0.0,0.0,0.0,17-09-01,TD,False,False,53.0,0.0,0.0,0.0,0.0,827500.0,0.0,ATLANTIC SOUTH|KENTUCKY|LOUISIANA|MISSISSIPPI|NORTH CAROLINA|SOUTH CAROLINA|TENNESSEE|TEXAS,765.0,41405396.0,15775046.0,91772,91772,7073626855.0,2444165668.0,yes
AL092017,HARVEY,20170901,1200,,EX,36.0,-87.1,25,1002.0,0.0,0.0,0.0,0.0,0.0,0.0,0.0,0.0,0.0,0.0,0.0,0.0,17-09-01,TD,False,False,53.0,0.0,0.0,0.0,0.0,827500.0,0.0,ATLANTIC SOUTH|KENTUCKY|LOUISIANA|MISSISSIPPI|NORTH CAROLINA|SOUTH CAROLINA|TENNESSEE|TEXAS,765.0,41405396.0,15775046.0,91772,91772,7073626855.0,2444165668.0,yes
AL092017,HARVEY,20170901,1800,,EX,36.5,-86.4,20,1004.0,0.0,0.0,0.0,0.0,0.0,0.0,0.0,0.0,0.0,0.0,0.0,0.0,17-09-01,TD,False,False,53.0,0.0,0.0,0.0,0.0,827500.0,0.0,ATLANTIC SOUTH|KENTUCKY|LOUISIANA|MISSISSIPPI|NORTH CAROLINA|SOUTH CAROLINA|TENNESSEE|TEXAS,765.0,41405396.0,15775046.0,91772,91772,7073626855.0,2444165668.0,yes
AL092017,HARVEY,20170902,0000,,EX,37.2,-85.6,20,1007.0,0.0,0.0,0.0,0.0,0.0,0.0,0.0,0.0,0.0,0.0,0.0,0.0,17-09-02,TD,False,False,8.0,0.0,0.0,0.0,0.0,0.0,0.0,TENNESSEE,343.0,16203612.0,5925117.0,91772,91772,7073626855.0,2444165668.0,yes
AL092017,HARVEY,20170902,0600,,EX,37.9,-84.9,20,1009.0,0.0,0.0,0.0,0.0,0.0,0.0,0.0,0.0,0.0,0.0,0.0,0.0,17-09-02,TD,False,False,8.0,0.0,0.0,0.0,0.0,0.0,0.0,TENNESSEE,343.0,16203612.0,5925117.0,91772,91772,7073626855.0,2444165668.0,yes
AL092017,HARVEY,20170902,1200,,EX,38.2,-84.7,15,1013.0,0.0,0.0,0.0,0.0,0.0,0.0,0.0,0.0,0.0,0.0,0.0,0.0,17-09-02,TD,False,False,8.0,0.0,0.0,0.0,0.0,0.0,0.0,TENNESSEE,343.0,16203612.0,5925117.0,91772,91772,7073626855.0,2444165668.0,yes
AL112017,IRMA,20170830,0000,,TD,16.1,-26.9,30,1008.0,0.0,0.0,0.0,0.0,0.0,0.0,0.0,0.0,0.0,0.0,0.0,0.0,17-08-30,TD,False,False,,,,,,,,,,,,33437,33437,981528789.0,196362192.0,yes
AL112017,IRMA,20170830,0600,,TS,16.2,-28.3,35,1007.0,30.0,0.0,0.0,0.0,0.0,0.0,0.0,0.0,0.0,0.0,0.0,0.0,17-08-30,TS,False,False,,,,,,,,,,,,33437,33437,981528789.0,196362192.0,yes
AL112017,IRMA,20170830,1200,,TS,16.3,-29.7,45,1006.0,30.0,0.0,0.0,30.0,0.0,0.0,0.0,0.0,0.0,0.0,0.0,0.0,17-08-30,TS,False,False,,,,,,,,,,,,33437,33437,981528789.0,196362192.0,yes
AL112017,IRMA,20170830,1800,,TS,16.3,-30.8,50,1004.0,30.0,30.0,0.0,30.0,10.0,0.0,0.0,0.0,0.0,0.0,0.0,0.0,17-08-30,TS,False,False,,,,,,,,,,,,33437,33437,981528789.0,196362192.0,yes
AL112017,IRMA,20170831,0000,,TS,16.3,-31.7,55,999.0,40.0,40.0,30.0,40.0,20.0,20.0,0.0,0.0,0.0,0.0,0.0,0.0,17-08-31,TS,False,False,,,,,,,,,,,,33437,33437,981528789.0,196362192.0,yes
AL112017,IRMA,20170831,0600,,HU,16.4,-32.5,65,994.0,50.0,40.0,30.0,50.0,20.0,20.0,0.0,0.0,10.0,0.0,0.0,0.0,17-08-31,Cat 1,False,False,,,,,,,,,,,,33437,33437,981528789.0,196362192.0,yes
AL112017,IRMA,20170831,1200,,HU,16.7,-33.4,80,983.0,60.0,50.0,40.0,60.0,30.0,20.0,20.0,30.0,15.0,10.0,10.0,10.0,17-08-31,Cat 1,False,False,,,,,,,,,,,,33437,33437,981528789.0,196362192.0,yes
AL112017,IRMA,20170831,1800,,HU,17.1,-34.2,95,970.0,70.0,50.0,40.0,60.0,30.0,20.0,20.0,30.0,15.0,10.0,10.0,10.0,17-08-31,Cat 2,False,False,,,,,,,,,,,,33437,33437,981528789.0,196362192.0,yes
AL112017,IRMA,20170901,0000,,HU,17.5,-35.1,100,967.0,70.0,60.0,40.0,60.0,40.0,30.0,20.0,30.0,15.0,10.0,10.0,10.0,17-09-01,Cat 3,False,False,,,,,,,,,,,,33437,33437,981528789.0,196362192.0,yes
AL112017,IRMA,20170901,0600,,HU,17.9,-36.1,100,967.0,80.0,60.0,40.0,60.0,40.0,30.0,20.0,30.0,15.0,10.0,10.0,10.0,17-09-01,Cat 3,False,False,,,,,,,,,,,,33437,33437,981528789.0,196362192.0,yes
AL112017,IRMA,20170901,1200,,HU,18.4,-37.3,100,967.0,80.0,60.0,40.0,60.0,40.0,30.0,20.0,30.0,15.0,10.0,10.0,10.0,17-09-01,Cat 3,False,False,,,,,,,,,,,,33437,33437,981528789.0,196362192.0,yes
AL112017,IRMA,20170901,1800,,HU,18.8,-38.5,100,967.0,90.0,60.0,40.0,60.0,40.0,30.0,20.0,30.0,20.0,15.0,10.0,15.0,17-09-01,Cat 3,False,False,,,,,,,,,,,,33437,33437,981528789.0,196362192.0,yes
AL112017,IRMA,20170902,0000,,HU,19.1,-39.7,100,967.0,90.0,60.0,40.0,60.0,40.0,30.0,20.0,30.0,20.0,15.0,10.0,15.0,17-09-02,Cat 3,False,False,,,,,,,,,,,,33437,33437,981528789.0,196362192.0,yes
AL112017,IRMA,20170902,0600,,HU,19.1,-41.1,100,967.0,90.0,60.0,40.0,60.0,40.0,30.0,20.0,30.0,20.0,15.0,10.0,15.0,17-09-02,Cat 3,False,False,,,,,,,,,,,,33437,33437,981528789.0,196362192.0,yes
AL112017,IRMA,20170902,1200,,HU,18.9,-42.6,95,973.0,90.0,60.0,40.0,60.0,40.0,30.0,20.0,30.0,20.0,15.0,10.0,15.0,17-09-02,Cat 2,False,False,,,,,,,,,,,,33437,33437,981528789.0,196362192.0,yes
AL112017,IRMA,20170902,1800,,HU,18.7,-44.1,95,973.0,90.0,60.0,40.0,70.0,40.0,30.0,20.0,30.0,20.0,15.0,10.0,15.0,17-09-02,Cat 2,False,False,,,,,,,,,,,,33437,33437,981528789.0,196362192.0,yes
AL112017,IRMA,20170903,0000,,HU,18.5,-45.5,95,973.0,100.0,60.0,40.0,80.0,40.0,30.0,20.0,30.0,20.0,15.0,10.0,15.0,17-09-03,Cat 2,False,False,,,,,,,,,,,,33437,33437,981528789.0,196362192.0,yes
AL112017,IRMA,20170903,0600,,HU,18.2,-46.7,95,973.0,110.0,60.0,40.0,90.0,40.0,30.0,20.0,30.0,20.0,10.0,10.0,15.0,17-09-03,Cat 2,False,False,,,,,,,,,,,,33437,33437,981528789.0,196362192.0,yes
AL112017,IRMA,20170903,1200,,HU,17.9,-47.9,100,969.0,120.0,70.0,50.0,90.0,40.0,40.0,30.0,40.0,25.0,20.0,15.0,20.0,17-09-03,Cat 3,False,False,,,,,,,,,,,,33437,33437,981528789.0,196362192.0,yes
AL112017,IRMA,20170903,1800,,HU,17.6,-49.2,100,965.0,120.0,80.0,50.0,100.0,50.0,40.0,30.0,40.0,25.0,20.0,15.0,25.0,17-09-03,Cat 3,False,False,,,,,,,,,,,,33437,33437,981528789.0,196362192.0,yes
AL112017,IRMA,20170904,0000,,HU,17.3,-50.4,100,959.0,120.0,80.0,50.0,100.0,50.0,40.0,30.0,40.0,25.0,20.0,15.0,25.0,17-09-04,Cat 3,False,False,,,,,,,,,,,,33437,33437,981528789.0,196362192.0,yes
AL112017,IRMA,20170904,0600,,HU,17.0,-51.5,105,952.0,120.0,80.0,50.0,100.0,50.0,40.0,30.0,50.0,25.0,20.0,20.0,25.0,17-09-04,Cat 3,False,False,,,,,,,,,,,,33437,33437,981528789.0,196362192.0,yes
AL112017,IRMA,20170904,1200,,HU,16.8,-52.6,110,945.0,120.0,90.0,60.0,100.0,50.0,40.0,30.0,50.0,30.0,25.0,20.0,30.0,17-09-04,Cat 3,False,False,,,,,,,,,,,,33437,33437,981528789.0,196362192.0,yes
AL112017,IRMA,20170904,1800,,HU,16.7,-53.9,115,944.0,120.0,100.0,70.0,110.0,60.0,50.0,40.0,50.0,35.0,30.0,20.0,30.0,17-09-04,Cat 4,False,False,,,,,,,,,,,,33437,33437,981528789.0,196362192.0,yes
AL112017,IRMA,20170905,0000,,HU,16.6,-55.1,125,943.0,120.0,100.0,80.0,110.0,70.0,60.0,40.0,60.0,45.0,35.0,30.0,35.0,17-09-05,Cat 4,False,False,,,,,,,,,,,,33437,33437,981528789.0,196362192.0,yes
AL112017,IRMA,20170905,0600,,HU,16.6,-56.4,135,933.0,130.0,100.0,80.0,120.0,70.0,60.0,40.0,60.0,45.0,40.0,30.0,35.0,17-09-05,Cat 4,False,False,,,,,,,,,,,,33437,33437,981528789.0,196362192.0,yes
AL112017,IRMA,20170905,1200,,HU,16.7,-57.8,150,929.0,140.0,110.0,80.0,130.0,80.0,60.0,40.0,70.0,45.0,40.0,30.0,40.0,17-09-05,Cat 5,False,False,,,,,,,,,,,,33437,33437,981528789.0,196362192.0,yes
AL112017,IRMA,20170905,1800,,HU,16.9,-59.2,155,926.0,150.0,110.0,90.0,140.0,80.0,60.0,40.0,70.0,45.0,40.0,30.0,45.0,17-09-05,Cat 5,False,False,,,,,,,,,,,,33437,33437,981528789.0,196362192.0,yes
AL112017,IRMA,20170906,0000,,HU,17.3,-60.6,155,915.0,150.0,110.0,90.0,150.0,80.0,60.0,40.0,70.0,45.0,40.0,30.0,45.0,17-09-06,Cat 5,False,False,,,,,,,,,,,,33437,33437,981528789.0,196362192.0,yes
AL112017,IRMA,20170906,0545,L,HU,17.7,-61.8,155,914.0,150.0,110.0,90.0,150.0,80.0,60.0,40.0,70.0,45.0,40.0,30.0,45.0,17-09-06,Cat 5,True,False,,,,,,,,,,,,33437,33437,981528789.0,196362192.0,yes
AL112017,IRMA,20170906,0600,,HU,17.7,-61.9,155,914.0,150.0,110.0,90.0,150.0,80.0,60.0,50.0,70.0,45.0,40.0,30.0,45.0,17-09-06,Cat 5,False,False,,,,,,,,,,,,33437,33437,981528789.0,196362192.0,yes
AL112017,IRMA,20170906,1115,L,HU,18.1,-63.1,155,914.0,150.0,110.0,90.0,150.0,80.0,60.0,50.0,70.0,45.0,40.0,30.0,45.0,17-09-06,Cat 5,True,False,,,,,,,,,,,,33437,33437,981528789.0,196362192.0,yes
AL112017,IRMA,20170906,1200,,HU,18.1,-63.3,155,915.0,160.0,110.0,90.0,150.0,90.0,60.0,50.0,70.0,45.0,45.0,30.0,45.0,17-09-06,Cat 5,False,False,,,,,,,,,,,,33437,33437,981528789.0,196362192.0,yes
AL112017,IRMA,20170906,1630,L,HU,18.5,-64.4,155,915.0,160.0,110.0,90.0,150.0,90.0,60.0,50.0,70.0,45.0,45.0,30.0,45.0,17-09-06,Cat 5,True,False,,,,,,,,,,,,33437,33437,981528789.0,196362192.0,yes
AL112017,IRMA,20170906,1800,,HU,18.6,-64.7,150,916.0,160.0,120.0,90.0,150.0,100.0,70.0,50.0,70.0,50.0,45.0,30.0,45.0,17-09-06,Cat 5,False,False,,,,,,,,,,,,33437,33437,981528789.0,196362192.0,yes
AL112017,IRMA,20170907,0000,,HU,19.2,-66.2,150,916.0,160.0,120.0,90.0,150.0,100.0,70.0,50.0,70.0,50.0,50.0,30.0,45.0,17-09-07,Cat 5,False,False,,,,,,,,,,,,33437,33437,981528789.0,196362192.0,yes
AL112017,IRMA,20170907,0600,,HU,19.7,-67.6,145,920.0,160.0,120.0,90.0,150.0,100.0,70.0,50.0,70.0,50.0,50.0,30.0,45.0,17-09-07,Cat 5,False,False,,,,,,,,,,,,33437,33437,981528789.0,196362192.0,yes
AL112017,IRMA,20170907,1200,,HU,20.2,-69.0,145,921.0,160.0,120.0,90.0,150.0,100.0,70.0,50.0,70.0,50.0,50.0,30.0,50.0,17-09-07,Cat 5,False,False,,,,,,,,,,,,33437,33437,981528789.0,196362192.0,yes
AL112017,IRMA,20170907,1800,,HU,20.7,-70.4,145,922.0,160.0,120.0,90.0,150.0,100.0,70.0,50.0,70.0,60.0,50.0,30.0,50.0,17-09-07,Cat 5,False,False,,,,,,,,,,,,33437,33437,981528789.0,196362192.0,yes
AL112017,IRMA,20170908,0000,,HU,21.1,-71.8,140,919.0,160.0,120.0,90.0,150.0,100.0,70.0,50.0,80.0,60.0,50.0,30.0,55.0,17-09-08,Cat 5,False,False,1.0,0.0,1.0,0.0,0.0,7000000.0,0.0,FLORIDA,306.0,3311703.0,1045322.0,33437,33437,981528789.0,196362192.0,yes
AL112017,IRMA,20170908,0500,L,HU,21.5,-73.0,135,924.0,160.0,120.0,90.0,150.0,100.0,80.0,50.0,80.0,60.0,50.0,30.0,55.0,17-09-08,Cat 4,True,False,1.0,0.0,1.0,0.0,0.0,7000000.0,0.0,FLORIDA,306.0,3311703.0,1045322.0,33437,33437,981528789.0,196362192.0,yes
AL112017,IRMA,20170908,0600,,HU,21.5,-73.2,135,925.0,160.0,120.0,90.0,150.0,100.0,80.0,50.0,80.0,60.0,50.0,30.0,55.0,17-09-08,Cat 4,False,False,1.0,0.0,1.0,0.0,0.0,7000000.0,0.0,FLORIDA,306.0,3311703.0,1045322.0,33437,33437,981528789.0,196362192.0,yes
AL112017,IRMA,20170908,1200,,HU,21.8,-74.7,135,927.0,160.0,120.0,100.0,150.0,100.0,90.0,50.0,80.0,60.0,50.0,30.0,55.0,17-09-08,Cat 4,False,False,1.0,0.0,1.0,0.0,0.0,7000000.0,0.0,FLORIDA,306.0,3311703.0,1045322.0,33437,33437,981528789.0,196362192.0,yes
AL112017,IRMA,20170908,1800,,HU,22.0,-76.0,140,925.0,160.0,120.0,100.0,150.0,100.0,90.0,50.0,80.0,60.0,60.0,30.0,60.0,17-09-08,Cat 5,False,False,1.0,0.0,1.0,0.0,0.0,7000000.0,0.0,FLORIDA,306.0,3311703.0,1045322.0,33437,33437,981528789.0,196362192.0,yes
AL112017,IRMA,20170909,0000,,HU,22.1,-77.2,145,924.0,160.0,130.0,110.0,160.0,100.0,90.0,50.0,80.0,60.0,60.0,30.0,60.0,17-09-09,Cat 5,False,False,31.0,3.0,42.0,40.0,0.0,522500000.0,255245000.0,ATLANTIC SOUTH|FLORIDA|GULF OF MEXICO,2907.0,76004102.0,15895062.0,33437,33437,981528789.0,196362192.0,yes
AL112017,IRMA,20170909,0300,L,HU,22.3,-77.9,145,924.0,160.0,140.0,110.0,160.0,100.0,90.0,50.0,80.0,60.0,60.0,30.0,60.0,17-09-09,Cat 5,True,False,31.0,3.0,42.0,40.0,0.0,522500000.0,255245000.0,ATLANTIC SOUTH|FLORIDA|GULF OF MEXICO,2907.0,76004102.0,15895062.0,33437,33437,981528789.0,196362192.0,yes
AL112017,IRMA,20170909,0600,,HU,22.4,-78.3,130,930.0,160.0,160.0,120.0,170.0,100.0,90.0,60.0,80.0,60.0,60.0,30.0,60.0,17-09-09,Cat 4,False,False,31.0,3.0,42.0,40.0,0.0,522500000.0,255245000.0,ATLANTIC SOUTH|FLORIDA|GULF OF MEXICO,2907.0,76004102.0,15895062.0,33437,33437,981528789.0,196362192.0,yes
AL112017,IRMA,20170909,1200,,HU,22.7,-79.3,110,941.0,160.0,160.0,120.0,170.0,100.0,90.0,60.0,90.0,60.0,60.0,30.0,60.0,17-09-09,Cat 3,False,False,31.0,3.0,42.0,40.0,0.0,522500000.0,255245000.0,ATLANTIC SOUTH|FLORIDA|GULF OF MEXICO,2907.0,76004102.0,15895062.0,33437,33437,981528789.0,196362192.0,yes
AL112017,IRMA,20170909,1800,,HU,23.1,-80.2,95,938.0,180.0,160.0,120.0,180.0,100.0,90.0,70.0,90.0,60.0,60.0,30.0,60.0,17-09-09,Cat 2,False,False,31.0,3.0,42.0,40.0,0.0,522500000.0,255245000.0,ATLANTIC SOUTH|FLORIDA|GULF OF MEXICO,2907.0,76004102.0,15895062.0,33437,33437,981528789.0,196362192.0,yes
AL112017,IRMA,20170910,0000,,HU,23.4,-80.9,100,932.0,210.0,170.0,120.0,180.0,100.0,100.0,70.0,90.0,60.0,60.0,30.0,60.0,17-09-10,Cat 3,False,False,170.0,3.0,27.0,0.0,0.0,3399645000.0,399602000.0,ATLANTIC SOUTH|FLORIDA|GEORGIA|GULF OF MEXICO|SOUTH CAROLINA,18766.0,534615608.0,102113685.0,33437,33437,981528789.0,196362192.0,yes
AL112017,IRMA,20170910,0600,,HU,23.7,-81.3,115,930.0,240.0,170.0,140.0,190.0,110.0,110.0,70.0,100.0,70.0,60.0,30.0,50.0,17-09-10,Cat 4,False,False,170.0,3.0,27.0,0.0,0.0,3399645000.0,399602000.0,ATLANTIC SOUTH|FLORIDA|GEORGIA|GULF OF MEXICO|SOUTH CAROLINA,18766.0,534615608.0,102113685.0,33437,33437,981528789.0,196362192.0,yes
AL112017,IRMA,20170910,1200,,HU,24.5,-81.5,115,931.0,270.0,180.0,140.0,210.0,120.0,120.0,70.0,100.0,70.0,60.0,30.0,50.0,17-09-10,Cat 4,False,False,170.0,3.0,27.0,0.0,0.0,3399645000.0,399602000.0,ATLANTIC SOUTH|FLORIDA|GEORGIA|GULF OF MEXICO|SOUTH CAROLINA,18766.0,534615608.0,102113685.0,33437,33437,981528789.0,196362192.0,yes
AL112017,IRMA,20170910,1300,L,HU,24.7,-81.5,115,931.0,270.0,180.0,140.0,210.0,120.0,120.0,80.0,110.0,70.0,60.0,30.0,50.0,17-09-10,Cat 4,True,False,170.0,3.0,27.0,0.0,0.0,3399645000.0,399602000.0,ATLANTIC SOUTH|FLORIDA|GEORGIA|GULF OF MEXICO|SOUTH CAROLINA,18766.0,534615608.0,102113685.0,33437,33437,981528789.0,196362192.0,yes
AL112017,IRMA,20170910,1800,,HU,25.6,-81.7,100,936.0,300.0,190.0,140.0,220.0,130.0,130.0,80.0,110.0,70.0,60.0,30.0,50.0,17-09-10,Cat 3,False,False,170.0,3.0,27.0,0.0,0.0,3399645000.0,399602000.0,ATLANTIC SOUTH|FLORIDA|GEORGIA|GULF OF MEXICO|SOUTH CAROLINA,18766.0,534615608.0,102113685.0,33437,33437,981528789.0,196362192.0,yes
AL112017,IRMA,20170910,1930,L,HU,25.9,-81.7,100,936.0,330.0,190.0,140.0,220.0,130.0,130.0,80.0,110.0,70.0,60.0,30.0,50.0,17-09-10,Cat 3,True,False,170.0,3.0,27.0,0.0,0.0,3399645000.0,399602000.0,ATLANTIC SOUTH|FLORIDA|GEORGIA|GULF OF MEXICO|SOUTH CAROLINA,18766.0,534615608.0,102113685.0,33437,33437,981528789.0,196362192.0,yes
AL112017,IRMA,20170911,0000,,HU,26.8,-81.7,80,942.0,360.0,200.0,150.0,240.0,140.0,140.0,90.0,120.0,60.0,60.0,30.0,50.0,17-09-11,Cat 1,False,False,264.0,2.0,1.0,6.0,3.0,66266700.0,700.0,ALABAMA|ATLANTIC SOUTH|FLORIDA|GEORGIA|NORTH CAROLINA|SOUTH CAROLINA|TENNESSEE|VIRGINIA,10342.0,336171157.0,71254043.0,33437,33437,981528789.0,196362192.0,yes
AL112017,IRMA,20170911,0600,,HU,28.2,-82.2,65,961.0,360.0,210.0,150.0,240.0,140.0,140.0,90.0,120.0,30.0,30.0,20.0,50.0,17-09-11,Cat 1,False,False,264.0,2.0,1.0,6.0,3.0,66266700.0,700.0,ALABAMA|ATLANTIC SOUTH|FLORIDA|GEORGIA|NORTH CAROLINA|SOUTH CAROLINA|TENNESSEE|VIRGINIA,10342.0,336171157.0,71254043.0,33437,33437,981528789.0,196362192.0,yes
AL112017,IRMA,20170911,1200,,TS,29.6,-82.7,50,970.0,360.0,230.0,150.0,240.0,140.0,140.0,90.0,120.0,0.0,0.0,0.0,0.0,17-09-11,TS,False,False,264.0,2.0,1.0,6.0,3.0,66266700.0,700.0,ALABAMA|ATLANTIC SOUTH|FLORIDA|GEORGIA|NORTH CAROLINA|SOUTH CAROLINA|TENNESSEE|VIRGINIA,10342.0,336171157.0,71254043.0,33437,33437,981528789.0,196362192.0,yes
AL112017,IRMA,20170911,1800,,TS,30.9,-83.5,45,980.0,360.0,250.0,150.0,240.0,0.0,0.0,0.0,0.0,0.0,0.0,0.0,0.0,17-09-11,TS,False,False,264.0,2.0,1.0,6.0,3.0,66266700.0,700.0,ALABAMA|ATLANTIC SOUTH|FLORIDA|GEORGIA|NORTH CAROLINA|SOUTH CAROLINA|TENNESSEE|VIRGINIA,10342.0,336171157.0,71254043.0,33437,33437,981528789.0,196362192.0,yes
AL112017,IRMA,20170912,0000,,TS,31.9,-84.4,35,986.0,360.0,270.0,0.0,0.0,0.0,0.0,0.0,0.0,0.0,0.0,0.0,0.0,17-09-12,TS,False,False,13.0,0.0,0.0,0.0,0.0,3677000.0,0.0,FLORIDA|NORTH CAROLINA|VIRGINIA,602.0,19335168.0,3428285.0,33437,33437,981528789.0,196362192.0,yes
AL112017,IRMA,20170912,0600,,LO,32.9,-85.6,25,997.0,0.0,0.0,0.0,0.0,0.0,0.0,0.0,0.0,0.0,0.0,0.0,0.0,17-09-12,TD,False,False,13.0,0.0,0.0,0.0,0.0,3677000.0,0.0,FLORIDA|NORTH CAROLINA|VIRGINIA,602.0,19335168.0,3428285.0,33437,33437,981528789.0,196362192.0,yes
AL112017,IRMA,20170912,1200,,LO,33.8,-86.9,20,1000.0,0.0,0.0,0.0,0.0,0.0,0.0,0.0,0.0,0.0,0.0,0.0,0.0,17-09-12,TD,False,False,13.0,0.0,0.0,0.0,0.0,3677000.0,0.0,FLORIDA|NORTH CAROLINA|VIRGINIA,602.0,19335168.0,3428285.0,33437,33437,981528789.0,196362192.0,yes
AL112017,IRMA,20170912,1800,,LO,34.8,-88.1,15,1003.0,0.0,0.0,0.0,0.0,0.0,0.0,0.0,0.0,0.0,0.0,0.0,0.0,17-09-12,TD,False,False,13.0,0.0,0.0,0.0,0.0,3677000.0,0.0,FLORIDA|NORTH CAROLINA|VIRGINIA,602.0,19335168.0,3428285.0,33437,33437,981528789.0,196362192.0,yes
AL112017,IRMA,20170913,0000,,LO,35.6,-88.9,15,1004.0,0.0,0.0,0.0,0.0,0.0,0.0,0.0,0.0,0.0,0.0,0.0,0.0,17-09-13,TD,False,False,,,,,,,,,211.0,5609513.0,1081781.0,33437,33437,981528789.0,196362192.0,yes
AL112017,IRMA,20170913,0600,,LO,36.2,-89.5,15,1004.0,0.0,0.0,0.0,0.0,0.0,0.0,0.0,0.0,0.0,0.0,0.0,0.0,17-09-13,TD,False,False,,,,,,,,,211.0,5609513.0,1081781.0,33437,33437,981528789.0,196362192.0,yes
AL112017,IRMA,20170913,1200,,LO,36.8,-90.1,15,1005.0,0.0,0.0,0.0,0.0,0.0,0.0,0.0,0.0,0.0,0.0,0.0,0.0,17-09-13,TD,False,False,,,,,,,,,211.0,5609513.0,1081781.0,33437,33437,981528789.0,196362192.0,yes
AL152017,MARIA,20170916,1200,,TD,12.2,-49.7,30,1006.0,0.0,0.0,0.0,0.0,0.0,0.0,0.0,0.0,0.0,0.0,0.0,0.0,17-09-16,TD,False,False,,,,,,,,,2.0,0.0,0.0,898,898,33722423.0,10636536.0,yes
AL152017,MARIA,20170916,1800,,TS,12.2,-51.7,40,1004.0,40.0,0.0,0.0,40.0,0.0,0.0,0.0,0.0,0.0,0.0,0.0,0.0,17-09-16,TS,False,False,,,,,,,,,2.0,0.0,0.0,898,898,33722423.0,10636536.0,yes
AL152017,MARIA,20170917,0000,,TS,12.4,-53.1,45,1002.0,40.0,30.0,0.0,40.0,0.0,0.0,0.0,0.0,0.0,0.0,0.0,0.0,17-09-17,TS,False,False,,,,,,,,,9.0,83607.0,4080.0,898,898,33722423.0,10636536.0,yes
AL152017,MARIA,20170917,0600,,TS,12.8,-54.4,55,994.0,50.0,40.0,0.0,50.0,20.0,20.0,0.0,20.0,0.0,0.0,0.0,0.0,17-09-17,TS,False,False,,,,,,,,,9.0,83607.0,4080.0,898,898,33722423.0,10636536.0,yes
AL152017,MARIA,20170917,1200,,TS,13.3,-55.7,60,990.0,60.0,40.0,30.0,50.0,30.0,20.0,0.0,20.0,0.0,0.0,0.0,0.0,17-09-17,TS,False,False,,,,,,,,,9.0,83607.0,4080.0,898,898,33722423.0,10636536.0,yes
AL152017,MARIA,20170917,1800,,HU,13.6,-57.0,65,986.0,70.0,60.0,40.0,60.0,30.0,20.0,0.0,20.0,15.0,0.0,0.0,10.0,17-09-17,Cat 1,False,False,,,,,,,,,9.0,83607.0,4080.0,898,898,33722423.0,10636536.0,yes
AL152017,MARIA,20170918,0000,,HU,14.0,-58.0,75,979.0,90.0,60.0,40.0,70.0,30.0,20.0,20.0,20.0,15.0,10.0,10.0,10.0,17-09-18,Cat 1,False,False,,,,,,,,,1.0,59258.0,0.0,898,898,33722423.0,10636536.0,yes
AL152017,MARIA,20170918,0600,,HU,14.3,-59.0,80,977.0,90.0,60.0,40.0,70.0,30.0,20.0,20.0,30.0,15.0,10.0,10.0,10.0,17-09-18,Cat 1,False,False,,,,,,,,,1.0,59258.0,0.0,898,898,33722423.0,10636536.0,yes
AL152017,MARIA,20170918,1200,,HU,14.5,-59.7,100,967.0,110.0,90.0,70.0,90.0,30.0,30.0,30.0,30.0,15.0,15.0,15.0,15.0,17-09-18,Cat 3,False,False,,,,,,,,,1.0,59258.0,0.0,898,898,33722423.0,10636536.0,yes
AL152017,MARIA,20170918,1800,,HU,14.9,-60.4,110,956.0,110.0,90.0,80.0,90.0,30.0,30.0,30.0,30.0,20.0,15.0,15.0,20.0,17-09-18,Cat 3,False,False,,,,,,,,,1.0,59258.0,0.0,898,898,33722423.0,10636536.0,yes
AL152017,MARIA,20170919,0000,,HU,15.3,-61.1,145,924.0,110.0,110.0,80.0,90.0,40.0,40.0,30.0,40.0,25.0,25.0,20.0,25.0,17-09-19,Cat 5,False,False,,,,,,,,,127.0,9057104.0,1475145.0,898,898,33722423.0,10636536.0,yes
AL152017,MARIA,20170919,0115,L,HU,15.4,-61.3,145,922.0,110.0,110.0,80.0,90.0,40.0,40.0,30.0,40.0,25.0,25.0,20.0,25.0,17-09-19,Cat 5,True,False,,,,,,,,,127.0,9057104.0,1475145.0,898,898,33722423.0,10636536.0,yes
AL152017,MARIA,20170919,0600,,HU,15.7,-61.9,135,940.0,110.0,110.0,80.0,100.0,50.0,50.0,30.0,50.0,25.0,25.0,20.0,25.0,17-09-19,Cat 4,False,False,,,,,,,,,127.0,9057104.0,1475145.0,898,898,33722423.0,10636536.0,yes
AL152017,MARIA,20170919,1200,,HU,16.1,-62.7,140,931.0,120.0,110.0,80.0,100.0,80.0,50.0,40.0,80.0,25.0,25.0,20.0,30.0,17-09-19,Cat 5,False,False,,,,,,,,,127.0,9057104.0,1475145.0,898,898,33722423.0,10636536.0,yes
AL152017,MARIA,20170919,1800,,HU,16.6,-63.5,145,920.0,120.0,110.0,80.0,100.0,80.0,60.0,60.0,80.0,30.0,30.0,30.0,30.0,17-09-19,Cat 5,False,False,,,,,,,,,127.0,9057104.0,1475145.0,898,898,33722423.0,10636536.0,yes
AL152017,MARIA,20170920,0000,,HU,17.0,-64.3,150,909.0,130.0,110.0,100.0,110.0,80.0,70.0,60.0,80.0,50.0,45.0,35.0,40.0,17-09-20,Cat 5,False,False,52.0,20.0,0.0,0.0,0.0,18263750000.0,0.0,PUERTO RICO,738.0,24012312.0,8981927.0,898,898,33722423.0,10636536.0,yes
AL152017,MARIA,20170920,0300,I,HU,17.3,-64.7,150,908.0,130.0,110.0,100.0,110.0,80.0,70.0,60.0,80.0,50.0,45.0,35.0,40.0,17-09-20,Cat 5,False,False,52.0,20.0,0.0,0.0,0.0,18263750000.0,0.0,PUERTO RICO,738.0,24012312.0,8981927.0,898,898,33722423.0,10636536.0,yes
AL152017,MARIA,20170920,0600,,HU,17.6,-65.1,140,913.0,130.0,110.0,100.0,110.0,80.0,70.0,60.0,80.0,50.0,45.0,35.0,40.0,17-09-20,Cat 5,False,False,52.0,20.0,0.0,0.0,0.0,18263750000.0,0.0,PUERTO RICO,738.0,24012312.0,8981927.0,898,898,33722423.0,10636536.0,yes
AL152017,MARIA,20170920,1015,L,HU,18.0,-65.9,135,920.0,130.0,110.0,100.0,110.0,80.0,70.0,60.0,80.0,50.0,45.0,35.0,40.0,17-09-20,Cat 4,True,False,52.0,20.0,0.0,0.0,0.0,18263750000.0,0.0,PUERTO RICO,738.0,24012312.0,8981927.0,898,898,33722423.0,10636536.0,yes
AL152017,MARIA,20170920,1200,,HU,18.2,-66.2,115,935.0,130.0,110.0,100.0,110.0,80.0,70.0,60.0,80.0,50.0,45.0,35.0,40.0,17-09-20,Cat 4,False,False,52.0,20.0,0.0,0.0,0.0,18263750000.0,0.0,PUERTO RICO,738.0,24012312.0,8981927.0,898,898,33722423.0,10636536.0,yes
AL152017,MARIA,20170920,1800,,HU,18.6,-67.0,95,959.0,130.0,110.0,100.0,110.0,70.0,70.0,60.0,70.0,50.0,45.0,35.0,40.0,17-09-20,Cat 2,False,False,52.0,20.0,0.0,0.0,0.0,18263750000.0,0.0,PUERTO RICO,738.0,24012312.0,8981927.0,898,898,33722423.0,10636536.0,yes
AL152017,MARIA,20170921,0000,,HU,19.0,-67.6,95,958.0,130.0,110.0,110.0,110.0,70.0,70.0,60.0,70.0,50.0,30.0,40.0,40.0,17-09-21,Cat 2,False,False,,,,,,,,,16.0,441505.0,88414.0,898,898,33722423.0,10636536.0,yes
AL152017,MARIA,20170921,0600,,HU,19.4,-68.2,100,959.0,130.0,110.0,110.0,110.0,70.0,70.0,60.0,70.0,50.0,30.0,40.0,40.0,17-09-21,Cat 3,False,False,,,,,,,,,16.0,441505.0,88414.0,898,898,33722423.0,10636536.0,yes
AL152017,MARIA,20170921,1200,,HU,19.9,-68.8,100,959.0,130.0,110.0,110.0,110.0,80.0,80.0,60.0,80.0,50.0,50.0,40.0,50.0,17-09-21,Cat 3,False,False,,,,,,,,,16.0,441505.0,88414.0,898,898,33722423.0,10636536.0,yes
AL152017,MARIA,20170921,1800,,HU,20.5,-69.5,105,960.0,140.0,130.0,110.0,110.0,90.0,80.0,60.0,80.0,60.0,50.0,40.0,50.0,17-09-21,Cat 3,False,False,,,,,,,,,16.0,441505.0,88414.0,898,898,33722423.0,10636536.0,yes
AL152017,MARIA,20170922,0000,,HU,20.8,-70.0,110,953.0,140.0,120.0,100.0,120.0,90.0,80.0,60.0,80.0,60.0,50.0,40.0,50.0,17-09-22,Cat 3,False,False,,,,,,,,,,,,898,898,33722423.0,10636536.0,yes
AL152017,MARIA,20170922,0600,,HU,21.2,-70.5,110,959.0,140.0,120.0,100.0,130.0,90.0,80.0,60.0,80.0,60.0,50.0,40.0,50.0,17-09-22,Cat 3,False,False,,,,,,,,,,,,898,898,33722423.0,10636536.0,yes
AL152017,MARIA,20170922,1200,,HU,21.9,-70.9,110,958.0,140.0,120.0,100.0,130.0,90.0,80.0,60.0,90.0,60.0,40.0,40.0,40.0,17-09-22,Cat 3,False,False,,,,,,,,,,,,898,898,33722423.0,10636536.0,yes
AL152017,MARIA,20170922,1800,,HU,22.8,-71.2,110,959.0,140.0,130.0,100.0,120.0,80.0,60.0,60.0,70.0,50.0,40.0,35.0,30.0,17-09-22,Cat 3,False,False,,,,,,,,,,,,898,898,33722423.0,10636536.0,yes
AL152017,MARIA,20170923,0000,,HU,23.7,-71.6,105,953.0,160.0,130.0,100.0,120.0,80.0,60.0,60.0,70.0,50.0,40.0,35.0,30.0,17-09-23,Cat 3,False,False,1.0,0.0,0.0,0.0,0.0,0.0,0.0,NORTH CAROLINA,,,,898,898,33722423.0,10636536.0,yes
AL152017,MARIA,20170923,0600,,HU,24.4,-71.9,100,952.0,170.0,170.0,100.0,120.0,90.0,90.0,60.0,70.0,50.0,40.0,35.0,30.0,17-09-23,Cat 3,False,False,1.0,0.0,0.0,0.0,0.0,0.0,0.0,NORTH CAROLINA,,,,898,898,33722423.0,10636536.0,yes
AL152017,MARIA,20170923,1200,,HU,25.1,-72.1,100,952.0,170.0,170.0,100.0,150.0,90.0,90.0,60.0,70.0,50.0,40.0,35.0,40.0,17-09-23,Cat 3,False,False,1.0,0.0,0.0,0.0,0.0,0.0,0.0,NORTH CAROLINA,,,,898,898,33722423.0,10636536.0,yes
AL152017,MARIA,20170923,1800,,HU,25.9,-72.3,100,952.0,210.0,200.0,100.0,150.0,90.0,80.0,60.0,80.0,50.0,40.0,35.0,45.0,17-09-23,Cat 3,False,False,1.0,0.0,0.0,0.0,0.0,0.0,0.0,NORTH CAROLINA,,,,898,898,33722423.0,10636536.0,yes
AL152017,MARIA,20170924,0000,,HU,26.6,-72.4,100,945.0,210.0,200.0,100.0,150.0,100.0,80.0,60.0,80.0,50.0,40.0,35.0,45.0,17-09-24,Cat 3,False,False,,,,,,,,,1.0,32726.0,0.0,898,898,33722423.0,10636536.0,yes
AL152017,MARIA,20170924,0600,,HU,27.5,-72.6,95,942.0,210.0,200.0,120.0,160.0,100.0,80.0,60.0,80.0,50.0,40.0,35.0,45.0,17-09-24,Cat 2,False,False,,,,,,,,,1.0,32726.0,0.0,898,898,33722423.0,10636536.0,yes
AL152017,MARIA,20170924,1200,,HU,28.4,-72.8,95,947.0,210.0,200.0,120.0,160.0,100.0,80.0,60.0,80.0,50.0,40.0,35.0,45.0,17-09-24,Cat 2,False,False,,,,,,,,,1.0,32726.0,0.0,898,898,33722423.0,10636536.0,yes
AL152017,MARIA,20170924,1800,,HU,29.1,-72.9,90,943.0,200.0,200.0,140.0,160.0,100.0,100.0,70.0,90.0,50.0,40.0,35.0,45.0,17-09-24,Cat 2,False,False,,,,,,,,,1.0,32726.0,0.0,898,898,33722423.0,10636536.0,yes
AL152017,MARIA,20170925,0000,,HU,29.7,-72.9,85,947.0,200.0,200.0,140.0,160.0,100.0,100.0,70.0,90.0,50.0,40.0,35.0,45.0,17-09-25,Cat 2,False,False,,,,,,,,,,,,898,898,33722423.0,10636536.0,yes
AL152017,MARIA,20170925,0600,,HU,30.3,-72.9,75,954.0,200.0,200.0,160.0,170.0,100.0,100.0,90.0,90.0,60.0,60.0,0.0,0.0,17-09-25,Cat 1,False,False,,,,,,,,,,,,898,898,33722423.0,10636536.0,yes
AL152017,MARIA,20170925,1200,,HU,30.8,-73.0,70,961.0,200.0,200.0,160.0,160.0,120.0,120.0,90.0,90.0,80.0,80.0,0.0,0.0,17-09-25,Cat 1,False,False,,,,,,,,,,,,898,898,33722423.0,10636536.0,yes
AL152017,MARIA,20170925,1800,,HU,31.4,-73.1,70,966.0,180.0,180.0,160.0,160.0,120.0,120.0,90.0,90.0,90.0,90.0,0.0,0.0,17-09-25,Cat 1,False,False,,,,,,,,,,,,898,898,33722423.0,10636536.0,yes
AL152017,MARIA,20170926,0000,,HU,32.0,-73.1,70,966.0,180.0,180.0,160.0,160.0,120.0,120.0,90.0,90.0,90.0,90.0,0.0,0.0,17-09-26,Cat 1,False,False,,,,,,,,,1.0,35911.0,0.0,898,898,33722423.0,10636536.0,yes
AL152017,MARIA,20170926,0600,,HU,32.6,-73.1,65,970.0,200.0,210.0,160.0,160.0,120.0,120.0,90.0,90.0,90.0,90.0,0.0,0.0,17-09-26,Cat 1,False,False,,,,,,,,,1.0,35911.0,0.0,898,898,33722423.0,10636536.0,yes
AL152017,MARIA,20170926,1200,,HU,33.3,-73.1,65,970.0,200.0,210.0,160.0,160.0,120.0,120.0,90.0,90.0,90.0,90.0,0.0,0.0,17-09-26,Cat 1,False,False,,,,,,,,,1.0,35911.0,0.0,898,898,33722423.0,10636536.0,yes
AL152017,MARIA,20170926,1800,,HU,33.9,-73.1,65,975.0,200.0,200.0,160.0,160.0,120.0,120.0,80.0,100.0,90.0,90.0,0.0,90.0,17-09-26,Cat 1,False,False,,,,,,,,,1.0,35911.0,0.0,898,898,33722423.0,10636536.0,yes
AL152017,MARIA,20170927,0000,,HU,34.4,-73.0,65,975.0,200.0,200.0,160.0,160.0,120.0,120.0,80.0,100.0,90.0,90.0,0.0,90.0,17-09-27,Cat 1,False,False,,,,,,,,,,,,898,898,33722423.0,10636536.0,yes
AL152017,MARIA,20170927,0600,,HU,34.9,-72.9,65,976.0,200.0,200.0,160.0,150.0,120.0,120.0,0.0,100.0,90.0,0.0,0.0,90.0,17-09-27,Cat 1,False,False,,,,,,,,,,,,898,898,33722423.0,10636536.0,yes
AL152017,MARIA,20170927,1200,,HU,35.4,-72.8,65,977.0,200.0,200.0,160.0,150.0,120.0,120.0,0.0,100.0,90.0,0.0,0.0,90.0,17-09-27,Cat 1,False,False,,,,,,,,,,,,898,898,33722423.0,10636536.0,yes
AL152017,MARIA,20170927,1800,,HU,36.0,-72.6,65,979.0,200.0,200.0,160.0,150.0,120.0,120.0,0.0,100.0,90.0,0.0,0.0,90.0,17-09-27,Cat 1,False,False,,,,,,,,,,,,898,898,33722423.0,10636536.0,yes
AL152017,MARIA,20170928,0000,,HU,36.6,-72.2,65,979.0,200.0,200.0,160.0,150.0,120.0,120.0,0.0,100.0,90.0,0.0,0.0,90.0,17-09-28,Cat 1,False,False,,,,,,,,,1.0,0.0,9126.0,898,898,33722423.0,10636536.0,yes
AL152017,MARIA,20170928,0600,,TS,36.7,-71.3,60,982.0,180.0,210.0,160.0,150.0,90.0,90.0,70.0,80.0,0.0,0.0,0.0,0.0,17-09-28,TS,False,False,,,,,,,,,1.0,0.0,9126.0,898,898,33722423.0,10636536.0,yes
AL152017,MARIA,20170928,1200,,TS,36.8,-70.0,60,982.0,180.0,210.0,160.0,150.0,90.0,90.0,70.0,80.0,0.0,0.0,0.0,0.0,17-09-28,TS,False,False,,,,,,,,,1.0,0.0,9126.0,898,898,33722423.0,10636536.0,yes
AL152017,MARIA,20170928,1800,,TS,36.8,-68.6,55,985.0,180.0,210.0,160.0,150.0,90.0,90.0,70.0,80.0,0.0,0.0,0.0,0.0,17-09-28,TS,False,False,,,,,,,,,1.0,0.0,9126.0,898,898,33722423.0,10636536.0,yes
AL152017,MARIA,20170929,0000,,TS,36.9,-66.8,55,985.0,180.0,200.0,160.0,150.0,90.0,90.0,70.0,80.0,0.0,0.0,0.0,0.0,17-09-29,TS,False,False,,,,,,,,,,,,898,898,33722423.0,10636536.0,yes
AL152017,MARIA,20170929,0600,,TS,37.0,-64.6,50,987.0,100.0,210.0,220.0,180.0,0.0,90.0,100.0,0.0,0.0,0.0,0.0,0.0,17-09-29,TS,False,False,,,,,,,,,,,,898,898,33722423.0,10636536.0,yes
AL152017,MARIA,20170929,1200,,TS,37.0,-62.0,50,988.0,100.0,210.0,220.0,180.0,0.0,90.0,100.0,0.0,0.0,0.0,0.0,0.0,17-09-29,TS,False,False,,,,,,,,,,,,898,898,33722423.0,10636536.0,yes
AL152017,MARIA,20170929,1800,,TS,37.4,-59.0,50,988.0,100.0,220.0,220.0,180.0,0.0,100.0,100.0,0.0,0.0,0.0,0.0,0.0,17-09-29,TS,False,False,,,,,,,,,,,,898,898,33722423.0,10636536.0,yes
AL152017,MARIA,20170930,0000,,TS,38.1,-55.6,50,988.0,100.0,220.0,220.0,180.0,0.0,100.0,100.0,0.0,0.0,0.0,0.0,0.0,17-09-30,TS,False,False,,,,,,,,,1.0,0.0,77844.0,898,898,33722423.0,10636536.0,yes
AL152017,MARIA,20170930,0600,,TS,39.1,-52.2,50,988.0,110.0,200.0,200.0,180.0,0.0,100.0,100.0,0.0,0.0,0.0,0.0,0.0,17-09-30,TS,False,False,,,,,,,,,1.0,0.0,77844.0,898,898,33722423.0,10636536.0,yes
AL152017,MARIA,20170930,1200,,TS,40.0,-48.8,50,988.0,110.0,200.0,200.0,180.0,0.0,100.0,100.0,0.0,0.0,0.0,0.0,0.0,17-09-30,TS,False,False,,,,,,,,,1.0,0.0,77844.0,898,898,33722423.0,10636536.0,yes
AL152017,MARIA,20170930,1800,,EX,41.2,-45.6,45,991.0,110.0,200.0,200.0,150.0,0.0,0.0,0.0,0.0,0.0,0.0,0.0,0.0,17-09-30,TS,False,False,,,,,,,,,1.0,0.0,77844.0,898,898,33722423.0,10636536.0,yes
AL152017,MARIA,20171001,0000,,EX,42.2,-42.6,45,994.0,110.0,200.0,200.0,150.0,0.0,0.0,0.0,0.0,0.0,0.0,0.0,0.0,17-10-01,TS,False,False,,,,,,,,,,,,898,898,33722423.0,10636536.0,yes
AL152017,MARIA,20171001,0600,,EX,43.4,-39.4,45,996.0,110.0,200.0,200.0,150.0,0.0,0.0,0.0,0.0,0.0,0.0,0.0,0.0,17-10-01,TS,False,False,,,,,,,,,,,,898,898,33722423.0,10636536.0,yes
AL152017,MARIA,20171001,1200,,EX,44.9,-35.5,45,999.0,110.0,200.0,200.0,150.0,0.0,0.0,0.0,0.0,0.0,0.0,0.0,0.0,17-10-01,TS,False,False,,,,,,,,,,,,898,898,33722423.0,10636536.0,yes
AL152017,MARIA,20171001,1800,,EX,46.5,-31.0,45,1003.0,110.0,200.0,200.0,150.0,0.0,0.0,0.0,0.0,0.0,0.0,0.0,0.0,17-10-01,TS,False,False,,,,,,,,,,,,898,898,33722423.0,10636536.0,yes
AL152017,MARIA,20171002,0000,,EX,47.5,-26.5,40,1005.0,0.0,0.0,200.0,150.0,0.0,0.0,0.0,0.0,0.0,0.0,0.0,0.0,17-10-02,TS,False,False,,,,,,,,,,,,898,898,33722423.0,10636536.0,yes
AL152017,MARIA,20171002,0600,,EX,48.0,-22.0,40,1012.0,0.0,0.0,200.0,150.0,0.0,0.0,0.0,0.0,0.0,0.0,0.0,0.0,17-10-02,TS,False,False,,,,,,,,,,,,898,898,33722423.0,10636536.0,yes
AL152017,MARIA,20171002,1200,,EX,48.0,-17.0,30,1016.0,0.0,0.0,0.0,0.0,0.0,0.0,0.0,0.0,0.0,0.0,0.0,0.0,17-10-02,TD,False,False,,,,,,,,,,,,898,898,33722423.0,10636536.0,yes
AL142018,MICHAEL,20181006,1800,,LO,17.8,-86.6,25,1006.0,0.0,0.0,0.0,0.0,0.0,0.0,0.0,0.0,0.0,0.0,0.0,0.0,18-10-06,TD,False,False,,,,,,,,,,,,4400,4400,209512698.0,43867033.0,yes
AL142018,MICHAEL,20181007,0000,,LO,18.1,-86.9,25,1004.0,0.0,0.0,0.0,0.0,0.0,0.0,0.0,0.0,0.0,0.0,0.0,0.0,18-10-07,TD,False,False,,,,,,,,,,,,4400,4400,209512698.0,43867033.0,yes
AL142018,MICHAEL,20181007,0600,,TD,18.4,-86.8,30,1004.0,0.0,0.0,0.0,0.0,0.0,0.0,0.0,0.0,0.0,0.0,0.0,0.0,18-10-07,TD,False,False,,,,,,,,,,,,4400,4400,209512698.0,43867033.0,yes
AL142018,MICHAEL,20181007,1200,,TS,18.8,-86.4,35,1003.0,120.0,180.0,0.0,0.0,0.0,0.0,0.0,0.0,0.0,0.0,0.0,0.0,18-10-07,TS,False,False,,,,,,,,,,,,4400,4400,209512698.0,43867033.0,yes
AL142018,MICHAEL,20181007,1800,,TS,19.1,-85.7,45,999.0,120.0,180.0,0.0,0.0,0.0,0.0,0.0,0.0,0.0,0.0,0.0,0.0,18-10-07,TS,False,False,,,,,,,,,,,,4400,4400,209512698.0,43867033.0,yes
AL142018,MICHAEL,20181008,0000,,TS,19.7,-85.5,50,996.0,120.0,150.0,90.0,90.0,40.0,0.0,0.0,0.0,0.0,0.0,0.0,0.0,18-10-08,TS,False,False,55.0,1.0,0.0,1.0,0.0,0.0,0.0,ATLANTIC SOUTH|FLORIDA|GULF OF MEXICO|MISSISSIPPI,11.0,198749.0,38753.0,4400,4400,209512698.0,43867033.0,yes
AL142018,MICHAEL,20181008,0600,,TS,20.2,-85.4,60,984.0,120.0,150.0,90.0,90.0,80.0,80.0,0.0,50.0,0.0,0.0,0.0,0.0,18-10-08,TS,False,False,55.0,1.0,0.0,1.0,0.0,0.0,0.0,ATLANTIC SOUTH|FLORIDA|GULF OF MEXICO|MISSISSIPPI,11.0,198749.0,38753.0,4400,4400,209512698.0,43867033.0,yes
AL142018,MICHAEL,20181008,1200,,HU,20.9,-85.1,65,982.0,120.0,150.0,90.0,90.0,70.0,50.0,20.0,50.0,25.0,0.0,0.0,0.0,18-10-08,Cat 1,False,False,55.0,1.0,0.0,1.0,0.0,0.0,0.0,ATLANTIC SOUTH|FLORIDA|GULF OF MEXICO|MISSISSIPPI,11.0,198749.0,38753.0,4400,4400,209512698.0,43867033.0,yes
AL142018,MICHAEL,20181008,1800,,HU,21.7,-85.1,75,977.0,120.0,150.0,80.0,90.0,60.0,50.0,20.0,50.0,30.0,0.0,0.0,25.0,18-10-08,Cat 1,False,False,55.0,1.0,0.0,1.0,0.0,0.0,0.0,ATLANTIC SOUTH|FLORIDA|GULF OF MEXICO|MISSISSIPPI,11.0,198749.0,38753.0,4400,4400,209512698.0,43867033.0,yes
AL142018,MICHAEL,20181009,0000,,HU,22.7,-85.2,85,971.0,150.0,150.0,80.0,110.0,60.0,50.0,30.0,50.0,30.0,30.0,25.0,30.0,18-10-09,Cat 2,False,False,50.0,0.0,0.0,0.0,0.0,200.0,0.0,ATLANTIC SOUTH|FLORIDA|GEORGIA|GULF OF MEXICO|LOUISIANA|MISSISSIPPI,131.0,5955827.0,1446753.0,4400,4400,209512698.0,43867033.0,yes
AL142018,MICHAEL,20181009,0600,,HU,23.7,-85.8,85,973.0,170.0,140.0,70.0,140.0,70.0,50.0,30.0,50.0,35.0,30.0,20.0,30.0,18-10-09,Cat 2,False,False,50.0,0.0,0.0,0.0,0.0,200.0,0.0,ATLANTIC SOUTH|FLORIDA|GEORGIA|GULF OF MEXICO|LOUISIANA|MISSISSIPPI,131.0,5955827.0,1446753.0,4400,4400,209512698.0,43867033.0,yes
AL142018,MICHAEL,20181009,1200,,HU,24.6,-86.2,90,968.0,160.0,140.0,70.0,140.0,70.0,50.0,30.0,50.0,30.0,30.0,20.0,30.0,18-10-09,Cat 2,False,False,50.0,0.0,0.0,0.0,0.0,200.0,0.0,ATLANTIC SOUTH|FLORIDA|GEORGIA|GULF OF MEXICO|LOUISIANA|MISSISSIPPI,131.0,5955827.0,1446753.0,4400,4400,209512698.0,43867033.0,yes
AL142018,MICHAEL,20181009,1800,,HU,25.6,-86.4,100,961.0,160.0,140.0,70.0,140.0,70.0,50.0,30.0,50.0,40.0,30.0,20.0,30.0,18-10-09,Cat 3,False,False,50.0,0.0,0.0,0.0,0.0,200.0,0.0,ATLANTIC SOUTH|FLORIDA|GEORGIA|GULF OF MEXICO|LOUISIANA|MISSISSIPPI,131.0,5955827.0,1446753.0,4400,4400,209512698.0,43867033.0,yes
AL142018,MICHAEL,20181010,0000,,HU,26.6,-86.5,110,952.0,160.0,140.0,70.0,140.0,70.0,60.0,30.0,50.0,40.0,30.0,20.0,30.0,18-10-10,Cat 3,False,False,205.0,9.0,44.0,1.0,0.0,11427924950.0,4388000000.0,ALABAMA|ATLANTIC SOUTH|FLORIDA|GEORGIA|GULF OF MEXICO|NORTH CAROLINA|SOUTH CAROLINA|VIRGINIA,3978.0,194469689.0,40449386.0,4400,4400,209512698.0,43867033.0,yes
AL142018,MICHAEL,20181010,0600,,HU,27.7,-86.6,120,945.0,160.0,140.0,70.0,140.0,80.0,80.0,30.0,50.0,40.0,30.0,20.0,30.0,18-10-10,Cat 4,False,False,205.0,9.0,44.0,1.0,0.0,11427924950.0,4388000000.0,ALABAMA|ATLANTIC SOUTH|FLORIDA|GEORGIA|GULF OF MEXICO|NORTH CAROLINA|SOUTH CAROLINA|VIRGINIA,3978.0,194469689.0,40449386.0,4400,4400,209512698.0,43867033.0,yes
AL142018,MICHAEL,20181010,1200,,HU,29.0,-86.3,125,934.0,150.0,140.0,80.0,120.0,80.0,80.0,40.0,50.0,40.0,35.0,25.0,30.0,18-10-10,Cat 4,False,False,205.0,9.0,44.0,1.0,0.0,11427924950.0,4388000000.0,ALABAMA|ATLANTIC SOUTH|FLORIDA|GEORGIA|GULF OF MEXICO|NORTH CAROLINA|SOUTH CAROLINA|VIRGINIA,3978.0,194469689.0,40449386.0,4400,4400,209512698.0,43867033.0,yes
AL142018,MICHAEL,20181010,1730,L,HU,30.0,-85.5,140,919.0,90.0,140.0,100.0,80.0,60.0,80.0,50.0,50.0,35.0,35.0,25.0,25.0,18-10-10,Cat 5,True,False,205.0,9.0,44.0,1.0,0.0,11427924950.0,4388000000.0,ALABAMA|ATLANTIC SOUTH|FLORIDA|GEORGIA|GULF OF MEXICO|NORTH CAROLINA|SOUTH CAROLINA|VIRGINIA,3978.0,194469689.0,40449386.0,4400,4400,209512698.0,43867033.0,yes
AL142018,MICHAEL,20181010,1800,,HU,30.2,-85.4,135,920.0,90.0,140.0,100.0,80.0,60.0,80.0,50.0,50.0,35.0,35.0,25.0,25.0,18-10-10,Cat 4,False,False,205.0,9.0,44.0,1.0,0.0,11427924950.0,4388000000.0,ALABAMA|ATLANTIC SOUTH|FLORIDA|GEORGIA|GULF OF MEXICO|NORTH CAROLINA|SOUTH CAROLINA|VIRGINIA,3978.0,194469689.0,40449386.0,4400,4400,209512698.0,43867033.0,yes
AL142018,MICHAEL,20181011,0000,,HU,31.5,-84.5,80,957.0,60.0,140.0,60.0,40.0,40.0,40.0,30.0,20.0,25.0,25.0,0.0,0.0,18-10-11,Cat 1,False,False,378.0,5.0,0.0,1.0,0.0,33487000.0,400.0,DISTRICT OF COLUMBIA|GEORGIA|MARYLAND|MASSACHUSETTS|NORTH CAROLINA|SOUTH CAROLINA|VIRGINIA,190.0,6761857.0,1564003.0,4400,4400,209512698.0,43867033.0,yes
AL142018,MICHAEL,20181011,0600,,TS,32.8,-83.2,50,979.0,50.0,140.0,50.0,0.0,0.0,20.0,0.0,0.0,0.0,0.0,0.0,0.0,18-10-11,TS,False,False,378.0,5.0,0.0,1.0,0.0,33487000.0,400.0,DISTRICT OF COLUMBIA|GEORGIA|MARYLAND|MASSACHUSETTS|NORTH CAROLINA|SOUTH CAROLINA|VIRGINIA,190.0,6761857.0,1564003.0,4400,4400,209512698.0,43867033.0,yes
AL142018,MICHAEL,20181011,1200,,TS,34.1,-81.7,45,987.0,0.0,160.0,0.0,0.0,0.0,0.0,0.0,0.0,0.0,0.0,0.0,0.0,18-10-11,TS,False,False,378.0,5.0,0.0,1.0,0.0,33487000.0,400.0,DISTRICT OF COLUMBIA|GEORGIA|MARYLAND|MASSACHUSETTS|NORTH CAROLINA|SOUTH CAROLINA|VIRGINIA,190.0,6761857.0,1564003.0,4400,4400,209512698.0,43867033.0,yes
AL142018,MICHAEL,20181011,1800,,TS,35.6,-80.0,45,991.0,0.0,200.0,0.0,0.0,0.0,0.0,0.0,0.0,0.0,0.0,0.0,0.0,18-10-11,TS,False,False,378.0,5.0,0.0,1.0,0.0,33487000.0,400.0,DISTRICT OF COLUMBIA|GEORGIA|MARYLAND|MASSACHUSETTS|NORTH CAROLINA|SOUTH CAROLINA|VIRGINIA,190.0,6761857.0,1564003.0,4400,4400,209512698.0,43867033.0,yes
AL142018,MICHAEL,20181012,0000,,EX,36.5,-77.7,50,988.0,90.0,240.0,0.0,60.0,0.0,120.0,0.0,0.0,0.0,0.0,0.0,0.0,18-10-12,TS,False,False,27.0,0.0,0.0,0.0,0.0,0.0,0.0,ATLANTIC SOUTH|MARYLAND|TEXAS|VIRGINIA,43.0,1363024.0,232532.0,4400,4400,209512698.0,43867033.0,yes
AL142018,MICHAEL,20181012,0600,,EX,37.3,-75.0,60,983.0,90.0,240.0,80.0,80.0,0.0,50.0,50.0,50.0,0.0,0.0,0.0,0.0,18-10-12,TS,False,False,27.0,0.0,0.0,0.0,0.0,0.0,0.0,ATLANTIC SOUTH|MARYLAND|TEXAS|VIRGINIA,43.0,1363024.0,232532.0,4400,4400,209512698.0,43867033.0,yes
AL142018,MICHAEL,20181012,1200,,EX,39.1,-70.6,60,980.0,90.0,240.0,80.0,60.0,0.0,50.0,50.0,0.0,0.0,0.0,0.0,0.0,18-10-12,TS,False,False,27.0,0.0,0.0,0.0,0.0,0.0,0.0,ATLANTIC SOUTH|MARYLAND|TEXAS|VIRGINIA,43.0,1363024.0,232532.0,4400,4400,209512698.0,43867033.0,yes
AL142018,MICHAEL,20181012,1800,,EX,41.1,-66.1,60,977.0,90.0,320.0,230.0,60.0,0.0,90.0,90.0,0.0,0.0,0.0,0.0,0.0,18-10-12,TS,False,False,27.0,0.0,0.0,0.0,0.0,0.0,0.0,ATLANTIC SOUTH|MARYLAND|TEXAS|VIRGINIA,43.0,1363024.0,232532.0,4400,4400,209512698.0,43867033.0,yes
AL142018,MICHAEL,20181013,0000,,EX,43.1,-61.5,65,975.0,90.0,400.0,380.0,60.0,0.0,220.0,220.0,0.0,0.0,180.0,0.0,0.0,18-10-13,Cat 1,False,False,,,,,,,,,15.0,387795.0,104592.0,4400,4400,209512698.0,43867033.0,yes
AL142018,MICHAEL,20181013,0600,,EX,44.8,-55.7,65,975.0,90.0,400.0,380.0,60.0,0.0,220.0,220.0,0.0,0.0,180.0,0.0,0.0,18-10-13,Cat 1,False,False,,,,,,,,,15.0,387795.0,104592.0,4400,4400,209512698.0,43867033.0,yes
AL142018,MICHAEL,20181013,1200,,EX,46.4,-48.2,65,975.0,120.0,400.0,380.0,60.0,0.0,220.0,220.0,0.0,0.0,180.0,0.0,0.0,18-10-13,Cat 1,False,False,,,,,,,,,15.0,387795.0,104592.0,4400,4400,209512698.0,43867033.0,yes
AL142018,MICHAEL,20181013,1800,,EX,47.6,-40.7,65,975.0,120.0,400.0,380.0,60.0,0.0,220.0,220.0,0.0,0.0,180.0,0.0,0.0,18-10-13,Cat 1,False,False,,,,,,,,,15.0,387795.0,104592.0,4400,4400,209512698.0,43867033.0,yes
AL142018,MICHAEL,20181014,0000,,EX,48.4,-33.1,65,975.0,120.0,400.0,380.0,100.0,0.0,220.0,220.0,60.0,0.0,180.0,0.0,0.0,18-10-14,Cat 1,False,False,,,,,,,,,10.0,239164.0,0.0,4400,4400,209512698.0,43867033.0,yes
AL142018,MICHAEL,20181014,0600,,EX,48.8,-26.1,65,975.0,120.0,400.0,380.0,150.0,0.0,220.0,220.0,90.0,0.0,180.0,0.0,0.0,18-10-14,Cat 1,False,False,,,,,,,,,10.0,239164.0,0.0,4400,4400,209512698.0,43867033.0,yes
AL142018,MICHAEL,20181014,1200,,EX,48.6,-20.7,60,975.0,170.0,340.0,340.0,220.0,120.0,150.0,150.0,120.0,0.0,0.0,0.0,0.0,18-10-14,TS,False,False,,,,,,,,,10.0,239164.0,0.0,4400,4400,209512698.0,43867033.0,yes
AL142018,MICHAEL,20181014,1800,,EX,47.5,-16.4,55,978.0,170.0,340.0,340.0,220.0,120.0,100.0,100.0,120.0,0.0,0.0,0.0,0.0,18-10-14,TS,False,False,,,,,,,,,10.0,239164.0,0.0,4400,4400,209512698.0,43867033.0,yes
AL142018,MICHAEL,20181015,0000,,EX,45.9,-13.5,55,982.0,140.0,320.0,320.0,170.0,100.0,0.0,120.0,120.0,0.0,0.0,0.0,0.0,18-10-15,TS,False,False,,,,,,,,,18.0,136593.0,31014.0,4400,4400,209512698.0,43867033.0,yes
AL142018,MICHAEL,20181015,0600,,EX,44.4,-11.4,50,989.0,140.0,320.0,320.0,170.0,0.0,100.0,100.0,0.0,0.0,0.0,0.0,0.0,18-10-15,TS,False,False,,,,,,,,,18.0,136593.0,31014.0,4400,4400,209512698.0,43867033.0,yes
AL142018,MICHAEL,20181015,1200,,EX,42.8,-10.3,35,996.0,0.0,200.0,0.0,170.0,0.0,0.0,0.0,0.0,0.0,0.0,0.0,0.0,18-10-15,TS,False,False,,,,,,,,,18.0,136593.0,31014.0,4400,4400,209512698.0,43867033.0,yes
AL142018,MICHAEL,20181015,1800,,EX,41.2,-10.0,35,1001.0,0.0,200.0,0.0,170.0,0.0,0.0,0.0,0.0,0.0,0.0,0.0,0.0,18-10-15,TS,False,False,,,,,,,,,18.0,136593.0,31014.0,4400,4400,209512698.0,43867033.0,yes
AL092021,IDA,20210826,1200,,TD,16.5,-78.9,30,1006.0,0.0,0.0,0.0,0.0,0.0,0.0,0.0,0.0,0.0,0.0,0.0,0.0,21-08-26,TD,False,False,,,,,,,,,,,,27589,27589,1135002825.0,383597133.0,yes
AL092021,IDA,20210826,1800,,TS,17.4,-79.5,35,1006.0,60.0,0.0,0.0,0.0,0.0,0.0,0.0,0.0,0.0,0.0,0.0,0.0,21-08-26,TS,False,False,,,,,,,,,,,,27589,27589,1135002825.0,383597133.0,yes
AL092021,IDA,20210827,0000,,TS,18.3,-80.2,40,1004.0,60.0,0.0,0.0,0.0,0.0,0.0,0.0,0.0,0.0,0.0,0.0,0.0,21-08-27,TS,False,False,12.0,0.0,0.0,0.0,0.0,0.0,0.0,GULF OF MEXICO,32.0,482916.0,1244883.0,27589,27589,1135002825.0,383597133.0,yes
AL092021,IDA,20210827,0600,,TS,19.4,-80.9,45,1002.0,70.0,0.0,0.0,0.0,0.0,0.0,0.0,0.0,0.0,0.0,0.0,0.0,21-08-27,TS,False,False,12.0,0.0,0.0,0.0,0.0,0.0,0.0,GULF OF MEXICO,32.0,482916.0,1244883.0,27589,27589,1135002825.0,383597133.0,yes
AL092021,IDA,20210827,1200,,TS,20.4,-81.7,55,996.0,80.0,60.0,0.0,60.0,30.0,0.0,0.0,0.0,0.0,0.0,0.0,0.0,21-08-27,TS,False,False,12.0,0.0,0.0,0.0,0.0,0.0,0.0,GULF OF MEXICO,32.0,482916.0,1244883.0,27589,27589,1135002825.0,383597133.0,yes
AL092021,IDA,20210827,1800,L,HU,21.5,-82.6,70,987.0,80.0,60.0,40.0,60.0,40.0,30.0,0.0,20.0,20.0,0.0,0.0,0.0,21-08-27,Cat 1,True,False,12.0,0.0,0.0,0.0,0.0,0.0,0.0,GULF OF MEXICO,32.0,482916.0,1244883.0,27589,27589,1135002825.0,383597133.0,yes
AL092021,IDA,20210827,2325,L,HU,22.4,-83.2,70,988.0,80.0,60.0,40.0,60.0,40.0,30.0,0.0,20.0,20.0,0.0,0.0,0.0,21-08-27,Cat 1,True,False,12.0,0.0,0.0,0.0,0.0,0.0,0.0,GULF OF MEXICO,32.0,482916.0,1244883.0,27589,27589,1135002825.0,383597133.0,yes
AL092021,IDA,20210828,0000,,HU,22.6,-83.5,70,989.0,100.0,60.0,40.0,70.0,50.0,30.0,0.0,30.0,20.0,0.0,0.0,0.0,21-08-28,Cat 1,False,False,28.0,0.0,0.0,0.0,0.0,1161750000.0,0.0,FLORIDA|GULF OF MEXICO|LOUISIANA|MISSISSIPPI,320.0,8394262.0,2285946.0,27589,27589,1135002825.0,383597133.0,yes
AL092021,IDA,20210828,0600,,HU,23.5,-84.7,70,987.0,100.0,60.0,40.0,70.0,50.0,30.0,0.0,30.0,20.0,0.0,0.0,0.0,21-08-28,Cat 1,False,False,28.0,0.0,0.0,0.0,0.0,1161750000.0,0.0,FLORIDA|GULF OF MEXICO|LOUISIANA|MISSISSIPPI,320.0,8394262.0,2285946.0,27589,27589,1135002825.0,383597133.0,yes
AL092021,IDA,20210828,1200,,HU,24.4,-85.7,70,986.0,110.0,80.0,60.0,100.0,50.0,40.0,20.0,30.0,25.0,20.0,0.0,0.0,21-08-28,Cat 1,False,False,28.0,0.0,0.0,0.0,0.0,1161750000.0,0.0,FLORIDA|GULF OF MEXICO|LOUISIANA|MISSISSIPPI,320.0,8394262.0,2285946.0,27589,27589,1135002825.0,383597133.0,yes
AL092021,IDA,20210828,1800,,HU,25.6,-86.6,80,976.0,110.0,100.0,70.0,100.0,50.0,40.0,20.0,40.0,25.0,20.0,10.0,20.0,21-08-28,Cat 1,False,False,28.0,0.0,0.0,0.0,0.0,1161750000.0,0.0,FLORIDA|GULF OF MEXICO|LOUISIANA|MISSISSIPPI,320.0,8394262.0,2285946.0,27589,27589,1135002825.0,383597133.0,yes
AL092021,IDA,20210829,0000,,HU,26.7,-87.6,90,967.0,120.0,100.0,80.0,110.0,70.0,60.0,40.0,60.0,35.0,30.0,20.0,30.0,21-08-29,Cat 2,False,False,108.0,5.0,25.0,0.0,0.0,10999650000.0,0.0,ALABAMA|FLORIDA|GULF OF MEXICO|LOUISIANA|MISSISSIPPI,13652.0,521810956.0,223970776.0,27589,27589,1135002825.0,383597133.0,yes
AL092021,IDA,20210829,0600,,HU,27.6,-88.7,115,950.0,120.0,100.0,80.0,110.0,70.0,60.0,40.0,60.0,35.0,30.0,20.0,30.0,21-08-29,Cat 4,False,False,108.0,5.0,25.0,0.0,0.0,10999650000.0,0.0,ALABAMA|FLORIDA|GULF OF MEXICO|LOUISIANA|MISSISSIPPI,13652.0,521810956.0,223970776.0,27589,27589,1135002825.0,383597133.0,yes
AL092021,IDA,20210829,1200,,HU,28.5,-89.6,130,929.0,130.0,110.0,80.0,110.0,70.0,60.0,40.0,60.0,45.0,35.0,20.0,30.0,21-08-29,Cat 4,False,False,108.0,5.0,25.0,0.0,0.0,10999650000.0,0.0,ALABAMA|FLORIDA|GULF OF MEXICO|LOUISIANA|MISSISSIPPI,13652.0,521810956.0,223970776.0,27589,27589,1135002825.0,383597133.0,yes
AL092021,IDA,20210829,1655,L,HU,29.1,-90.2,130,931.0,130.0,110.0,80.0,110.0,70.0,60.0,40.0,60.0,45.0,35.0,20.0,30.0,21-08-29,Cat 4,True,False,108.0,5.0,25.0,0.0,0.0,10999650000.0,0.0,ALABAMA|FLORIDA|GULF OF MEXICO|LOUISIANA|MISSISSIPPI,13652.0,521810956.0,223970776.0,27589,27589,1135002825.0,383597133.0,yes
AL092021,IDA,20210829,1800,,HU,29.2,-90.4,125,932.0,130.0,120.0,80.0,80.0,70.0,60.0,40.0,40.0,45.0,35.0,20.0,25.0,21-08-29,Cat 4,False,False,108.0,5.0,25.0,0.0,0.0,10999650000.0,0.0,ALABAMA|FLORIDA|GULF OF MEXICO|LOUISIANA|MISSISSIPPI,13652.0,521810956.0,223970776.0,27589,27589,1135002825.0,383597133.0,yes
AL092021,IDA,20210830,0000,,HU,29.9,-90.6,105,944.0,80.0,120.0,80.0,70.0,50.0,60.0,40.0,40.0,30.0,30.0,20.0,20.0,21-08-30,Cat 3,False,False,115.0,4.0,0.0,10.0,0.0,7452000.0,5000.0,ALABAMA|ARKANSAS|GEORGIA|GULF OF MEXICO|ILLINOIS|INDIANA|KENTUCKY|LOUISIANA|MISSISSIPPI|MISSOURI|OHIO|TENNESSEE|VIRGINIA|WEST VIRGINIA,876.0,32339300.0,10700548.0,27589,27589,1135002825.0,383597133.0,yes
AL092021,IDA,20210830,0600,,HU,30.6,-90.8,65,978.0,80.0,130.0,80.0,40.0,50.0,50.0,0.0,0.0,30.0,30.0,0.0,0.0,21-08-30,Cat 1,False,False,115.0,4.0,0.0,10.0,0.0,7452000.0,5000.0,ALABAMA|ARKANSAS|GEORGIA|GULF OF MEXICO|ILLINOIS|INDIANA|KENTUCKY|LOUISIANA|MISSISSIPPI|MISSOURI|OHIO|TENNESSEE|VIRGINIA|WEST VIRGINIA,876.0,32339300.0,10700548.0,27589,27589,1135002825.0,383597133.0,yes
AL092021,IDA,20210830,1200,,TS,31.5,-90.9,40,992.0,50.0,160.0,60.0,30.0,0.0,0.0,0.0,0.0,0.0,0.0,0.0,0.0,21-08-30,TS,False,False,115.0,4.0,0.0,10.0,0.0,7452000.0,5000.0,ALABAMA|ARKANSAS|GEORGIA|GULF OF MEXICO|ILLINOIS|INDIANA|KENTUCKY|LOUISIANA|MISSISSIPPI|MISSOURI|OHIO|TENNESSEE|VIRGINIA|WEST VIRGINIA,876.0,32339300.0,10700548.0,27589,27589,1135002825.0,383597133.0,yes
AL092021,IDA,20210830,1800,,TS,32.2,-90.5,35,996.0,0.0,160.0,0.0,0.0,0.0,0.0,0.0,0.0,0.0,0.0,0.0,0.0,21-08-30,TS,False,False,115.0,4.0,0.0,10.0,0.0,7452000.0,5000.0,ALABAMA|ARKANSAS|GEORGIA|GULF OF MEXICO|ILLINOIS|INDIANA|KENTUCKY|LOUISIANA|MISSISSIPPI|MISSOURI|OHIO|TENNESSEE|VIRGINIA|WEST VIRGINIA,876.0,32339300.0,10700548.0,27589,27589,1135002825.0,383597133.0,yes
AL092021,IDA,20210831,0000,,TD,33.0,-90.0,30,996.0,0.0,0.0,0.0,0.0,0.0,0.0,0.0,0.0,0.0,0.0,0.0,0.0,21-08-31,TD,False,False,81.0,0.0,0.0,0.0,0.0,193100.0,100.0,ALABAMA|FLORIDA|GEORGIA|GULF OF MEXICO|NORTH CAROLINA|OHIO|SOUTH CAROLINA|TENNESSEE|VIRGINIA,229.0,5394512.0,1131921.0,27589,27589,1135002825.0,383597133.0,yes
AL092021,IDA,20210831,0600,,TD,33.8,-89.4,25,996.0,0.0,0.0,0.0,0.0,0.0,0.0,0.0,0.0,0.0,0.0,0.0,0.0,21-08-31,TD,False,False,81.0,0.0,0.0,0.0,0.0,193100.0,100.0,ALABAMA|FLORIDA|GEORGIA|GULF OF MEXICO|NORTH CAROLINA|OHIO|SOUTH CAROLINA|TENNESSEE|VIRGINIA,229.0,5394512.0,1131921.0,27589,27589,1135002825.0,383597133.0,yes
AL092021,IDA,20210831,1200,,TD,34.4,-88.4,25,996.0,0.0,0.0,0.0,0.0,0.0,0.0,0.0,0.0,0.0,0.0,0.0,0.0,21-08-31,TD,False,False,81.0,0.0,0.0,0.0,0.0,193100.0,100.0,ALABAMA|FLORIDA|GEORGIA|GULF OF MEXICO|NORTH CAROLINA|OHIO|SOUTH CAROLINA|TENNESSEE|VIRGINIA,229.0,5394512.0,1131921.0,27589,27589,1135002825.0,383597133.0,yes
AL092021,IDA,20210831,1800,,TD,35.1,-87.1,20,999.0,0.0,0.0,0.0,0.0,0.0,0.0,0.0,0.0,0.0,0.0,0.0,0.0,21-08-31,TD,False,False,81.0,0.0,0.0,0.0,0.0,193100.0,100.0,ALABAMA|FLORIDA|GEORGIA|GULF OF MEXICO|NORTH CAROLINA|OHIO|SOUTH CAROLINA|TENNESSEE|VIRGINIA,229.0,5394512.0,1131921.0,27589,27589,1135002825.0,383597133.0,yes
AL092021,IDA,20210901,0000,,TD,35.8,-85.5,20,1000.0,0.0,0.0,0.0,0.0,0.0,0.0,0.0,0.0,0.0,0.0,0.0,0.0,21-09-01,TD,False,False,487.0,49.0,4.0,14.0,1.0,1065846500.0,17008000.0,ATLANTIC NORTH|CONNECTICUT|DELAWARE|DISTRICT OF COLUMBIA|FLORIDA|GULF OF MEXICO|MARYLAND|NEW JERSEY|NEW YORK|OHIO|PENNSYLVANIA|VIRGINIA|WEST VIRGINIA,10041.0,463155375.0,124814358.0,27589,27589,1135002825.0,383597133.0,yes
AL092021,IDA,20210901,0600,,TD,36.7,-83.6,20,1000.0,0.0,0.0,0.0,0.0,0.0,0.0,0.0,0.0,0.0,0.0,0.0,0.0,21-09-01,TD,False,False,487.0,49.0,4.0,14.0,1.0,1065846500.0,17008000.0,ATLANTIC NORTH|CONNECTICUT|DELAWARE|DISTRICT OF COLUMBIA|FLORIDA|GULF OF MEXICO|MARYLAND|NEW JERSEY|NEW YORK|OHIO|PENNSYLVANIA|VIRGINIA|WEST VIRGINIA,10041.0,463155375.0,124814358.0,27589,27589,1135002825.0,383597133.0,yes
AL092021,IDA,20210901,1200,,EX,37.7,-81.5,25,1000.0,0.0,0.0,0.0,0.0,0.0,0.0,0.0,0.0,0.0,0.0,0.0,0.0,21-09-01,TD,False,False,487.0,49.0,4.0,14.0,1.0,1065846500.0,17008000.0,ATLANTIC NORTH|CONNECTICUT|DELAWARE|DISTRICT OF COLUMBIA|FLORIDA|GULF OF MEXICO|MARYLAND|NEW JERSEY|NEW YORK|OHIO|PENNSYLVANIA|VIRGINIA|WEST VIRGINIA,10041.0,463155375.0,124814358.0,27589,27589,1135002825.0,383597133.0,yes
AL092021,IDA,20210901,1800,,EX,39.0,-78.5,30,999.0,0.0,0.0,0.0,0.0,0.0,0.0,0.0,0.0,0.0,0.0,0.0,0.0,21-09-01,TD,False,False,487.0,49.0,4.0,14.0,1.0,1065846500.0,17008000.0,ATLANTIC NORTH|CONNECTICUT|DELAWARE|DISTRICT OF COLUMBIA|FLORIDA|GULF OF MEXICO|MARYLAND|NEW JERSEY|NEW YORK|OHIO|PENNSYLVANIA|VIRGINIA|WEST VIRGINIA,10041.0,463155375.0,124814358.0,27589,27589,1135002825.0,383597133.0,yes
AL092021,IDA,20210902,0000,,EX,39.8,-75.6,35,997.0,0.0,150.0,0.0,0.0,0.0,0.0,0.0,0.0,0.0,0.0,0.0,0.0,21-09-02,TS,False,False,72.0,1.0,0.0,0.0,0.0,1754510.0,0.0,ATLANTIC NORTH|CONNECTICUT|FLORIDA|GULF OF MEXICO|MARYLAND|MASSACHUSETTS|NEW JERSEY|NEW YORK|PENNSYLVANIA|RHODE ISLAND,2219.0,100435689.0,19190831.0,27589,27589,1135002825.0,383597133.0,yes
AL092021,IDA,20210902,0600,,EX,40.6,-72.8,40,997.0,0.0,150.0,150.0,0.0,0.0,0.0,0.0,0.0,0.0,0.0,0.0,0.0,21-09-02,TS,False,False,72.0,1.0,0.0,0.0,0.0,1754510.0,0.0,ATLANTIC NORTH|CONNECTICUT|FLORIDA|GULF OF MEXICO|MARYLAND|MASSACHUSETTS|NEW JERSEY|NEW YORK|PENNSYLVANIA|RHODE ISLAND,2219.0,100435689.0,19190831.0,27589,27589,1135002825.0,383597133.0,yes
AL092021,IDA,20210902,1200,,EX,41.4,-69.7,40,997.0,180.0,150.0,0.0,0.0,0.0,0.0,0.0,0.0,0.0,0.0,0.0,0.0,21-09-02,TS,False,False,72.0,1.0,0.0,0.0,0.0,1754510.0,0.0,ATLANTIC NORTH|CONNECTICUT|FLORIDA|GULF OF MEXICO|MARYLAND|MASSACHUSETTS|NEW JERSEY|NEW YORK|PENNSYLVANIA|RHODE ISLAND,2219.0,100435689.0,19190831.0,27589,27589,1135002825.0,383597133.0,yes
AL092021,IDA,20210902,1800,,EX,43.3,-67.2,40,996.0,0.0,150.0,0.0,0.0,0.0,0.0,0.0,0.0,0.0,0.0,0.0,0.0,21-09-02,TS,False,False,72.0,1.0,0.0,0.0,0.0,1754510.0,0.0,ATLANTIC NORTH|CONNECTICUT|FLORIDA|GULF OF MEXICO|MARYLAND|MASSACHUSETTS|NEW JERSEY|NEW YORK|PENNSYLVANIA|RHODE ISLAND,2219.0,100435689.0,19190831.0,27589,27589,1135002825.0,383597133.0,yes
AL092021,IDA,20210903,0000,,EX,45.4,-64.7,40,995.0,150.0,150.0,0.0,0.0,0.0,0.0,0.0,0.0,0.0,0.0,0.0,0.0,21-09-03,TS,False,False,,,,,,,,,134.0,2294580.0,174997.0,27589,27589,1135002825.0,383597133.0,yes
AL092021,IDA,20210903,0600,,EX,46.6,-63.6,45,992.0,150.0,150.0,60.0,150.0,0.0,0.0,0.0,0.0,0.0,0.0,0.0,0.0,21-09-03,TS,False,False,,,,,,,,,134.0,2294580.0,174997.0,27589,27589,1135002825.0,383597133.0,yes
AL092021,IDA,20210903,1200,,EX,47.5,-62.7,45,991.0,120.0,150.0,90.0,90.0,0.0,0.0,0.0,0.0,0.0,0.0,0.0,0.0,21-09-03,TS,False,False,,,,,,,,,134.0,2294580.0,174997.0,27589,27589,1135002825.0,383597133.0,yes
AL092021,IDA,20210903,1800,,EX,48.6,-62.4,45,992.0,250.0,150.0,120.0,120.0,0.0,0.0,0.0,0.0,0.0,0.0,0.0,0.0,21-09-03,TS,False,False,,,,,,,,,134.0,2294580.0,174997.0,27589,27589,1135002825.0,383597133.0,yes
AL092021,IDA,20210904,0000,,EX,48.8,-63.1,45,992.0,180.0,90.0,90.0,120.0,0.0,0.0,0.0,0.0,0.0,0.0,0.0,0.0,21-09-04,TS,False,False,,,,,,,,,45.0,419338.0,27431.0,27589,27589,1135002825.0,383597133.0,yes
AL092021,IDA,20210904,0600,,EX,48.7,-63.9,40,992.0,120.0,0.0,0.0,120.0,0.0,0.0,0.0,0.0,0.0,0.0,0.0,0.0,21-09-04,TS,False,False,,,,,,,,,45.0,419338.0,27431.0,27589,27589,1135002825.0,383597133.0,yes
AL092021,IDA,20210904,1200,,EX,47.6,-63.9,35,996.0,120.0,0.0,0.0,120.0,0.0,0.0,0.0,0.0,0.0,0.0,0.0,0.0,21-09-04,TS,False,False,,,,,,,,,45.0,419338.0,27431.0,27589,27589,1135002825.0,383597133.0,yes
AL092021,IDA,20210904,1800,,EX,46.6,-63.5,30,999.0,0.0,0.0,0.0,0.0,0.0,0.0,0.0,0.0,0.0,0.0,0.0,0.0,21-09-04,TD,False,False,,,,,,,,,45.0,419338.0,27431.0,27589,27589,1135002825.0,383597133.0,yes
AL092022,IAN,20220922,1800,,LO,12.3,-66.3,30,1006.0,0.0,0.0,0.0,0.0,0.0,0.0,0.0,0.0,0.0,0.0,0.0,0.0,22-09-22,TD,False,False,,,,,,,,,,,,48503,48503,4333274560.0,858064731.0,yes
AL092022,IAN,20220923,0000,,LO,12.9,-67.2,30,1006.0,0.0,0.0,0.0,0.0,0.0,0.0,0.0,0.0,0.0,0.0,0.0,0.0,22-09-23,TD,False,False,,,,,,,,,,,,48503,48503,4333274560.0,858064731.0,yes
AL092022,IAN,20220923,0600,,TD,13.7,-68.1,30,1006.0,0.0,0.0,0.0,0.0,0.0,0.0,0.0,0.0,0.0,0.0,0.0,0.0,22-09-23,TD,False,False,,,,,,,,,,,,48503,48503,4333274560.0,858064731.0,yes
AL092022,IAN,20220923,1200,,TD,14.2,-69.3,30,1006.0,0.0,0.0,0.0,0.0,0.0,0.0,0.0,0.0,0.0,0.0,0.0,0.0,22-09-23,TD,False,False,,,,,,,,,,,,48503,48503,4333274560.0,858064731.0,yes
AL092022,IAN,20220923,1800,,TD,14.6,-70.6,30,1006.0,0.0,0.0,0.0,0.0,0.0,0.0,0.0,0.0,0.0,0.0,0.0,0.0,22-09-23,TD,False,False,,,,,,,,,,,,48503,48503,4333274560.0,858064731.0,yes
AL092022,IAN,20220924,0000,,TS,14.7,-71.7,35,1005.0,0.0,0.0,0.0,30.0,0.0,0.0,0.0,0.0,0.0,0.0,0.0,0.0,22-09-24,TS,False,False,,,,,,,,,,,,48503,48503,4333274560.0,858064731.0,yes
AL092022,IAN,20220924,0600,,TS,14.7,-72.9,35,1005.0,0.0,0.0,0.0,30.0,0.0,0.0,0.0,0.0,0.0,0.0,0.0,0.0,22-09-24,TS,False,False,,,,,,,,,,,,48503,48503,4333274560.0,858064731.0,yes
AL092022,IAN,20220924,1200,,TS,14.5,-74.4,40,1003.0,0.0,0.0,0.0,50.0,0.0,0.0,0.0,0.0,0.0,0.0,0.0,0.0,22-09-24,TS,False,False,,,,,,,,,,,,48503,48503,4333274560.0,858064731.0,yes
AL092022,IAN,20220924,1800,,TS,14.4,-75.8,40,1003.0,0.0,0.0,0.0,50.0,0.0,0.0,0.0,0.0,0.0,0.0,0.0,0.0,22-09-24,TS,False,False,,,,,,,,,,,,48503,48503,4333274560.0,858064731.0,yes
AL092022,IAN,20220925,0000,,TS,14.6,-77.2,40,1003.0,40.0,0.0,0.0,50.0,0.0,0.0,0.0,0.0,0.0,0.0,0.0,0.0,22-09-25,TS,False,False,,,,,,,,,,,,48503,48503,4333274560.0,858064731.0,yes
AL092022,IAN,20220925,0600,,TS,14.6,-78.3,40,1003.0,40.0,0.0,0.0,50.0,0.0,0.0,0.0,0.0,0.0,0.0,0.0,0.0,22-09-25,TS,False,False,,,,,,,,,,,,48503,48503,4333274560.0,858064731.0,yes
AL092022,IAN,20220925,1200,,TS,15.0,-79.4,40,1003.0,40.0,0.0,0.0,50.0,0.0,0.0,0.0,0.0,0.0,0.0,0.0,0.0,22-09-25,TS,False,False,,,,,,,,,,,,48503,48503,4333274560.0,858064731.0,yes
AL092022,IAN,20220925,1800,,TS,15.8,-80.1,40,1003.0,40.0,0.0,0.0,50.0,0.0,0.0,0.0,0.0,0.0,0.0,0.0,0.0,22-09-25,TS,False,False,,,,,,,,,,,,48503,48503,4333274560.0,858064731.0,yes
AL092022,IAN,20220926,0000,,TS,16.8,-80.9,50,991.0,60.0,60.0,0.0,30.0,30.0,0.0,0.0,0.0,0.0,0.0,0.0,0.0,22-09-26,TS,False,False,,,,,,,,,204.0,11061127.0,2132629.0,48503,48503,4333274560.0,858064731.0,yes
AL092022,IAN,20220926,0600,,HU,17.7,-81.7,65,985.0,70.0,70.0,30.0,70.0,30.0,30.0,0.0,20.0,15.0,0.0,0.0,0.0,22-09-26,Cat 1,False,False,,,,,,,,,204.0,11061127.0,2132629.0,48503,48503,4333274560.0,858064731.0,yes
AL092022,IAN,20220926,1200,,HU,18.7,-82.4,70,981.0,90.0,80.0,40.0,90.0,40.0,40.0,0.0,30.0,20.0,0.0,0.0,0.0,22-09-26,Cat 1,False,False,,,,,,,,,204.0,11061127.0,2132629.0,48503,48503,4333274560.0,858064731.0,yes
AL092022,IAN,20220926,1800,,HU,19.7,-83.0,80,976.0,100.0,90.0,60.0,90.0,50.0,50.0,20.0,30.0,30.0,25.0,0.0,20.0,22-09-26,Cat 1,False,False,,,,,,,,,204.0,11061127.0,2132629.0,48503,48503,4333274560.0,858064731.0,yes
AL092022,IAN,20220927,0000,,HU,20.8,-83.3,85,965.0,100.0,90.0,60.0,90.0,50.0,50.0,20.0,30.0,30.0,25.0,0.0,20.0,22-09-27,Cat 2,False,False,33.0,20.0,1.0,2.0,0.0,2261000.0,500000.0,ATLANTIC SOUTH|FLORIDA|GULF OF MEXICO,2163.0,126664002.0,69322426.0,48503,48503,4333274560.0,858064731.0,yes
AL092022,IAN,20220927,0600,,HU,21.8,-83.6,100,956.0,100.0,100.0,70.0,90.0,50.0,50.0,30.0,40.0,30.0,25.0,20.0,20.0,22-09-27,Cat 3,False,False,33.0,20.0,1.0,2.0,0.0,2261000.0,500000.0,ATLANTIC SOUTH|FLORIDA|GULF OF MEXICO,2163.0,126664002.0,69322426.0,48503,48503,4333274560.0,858064731.0,yes
AL092022,IAN,20220927,0830,L,HU,22.2,-83.7,110,947.0,100.0,100.0,70.0,90.0,50.0,50.0,30.0,40.0,30.0,25.0,20.0,20.0,22-09-27,Cat 3,True,False,33.0,20.0,1.0,2.0,0.0,2261000.0,500000.0,ATLANTIC SOUTH|FLORIDA|GULF OF MEXICO,2163.0,126664002.0,69322426.0,48503,48503,4333274560.0,858064731.0,yes
AL092022,IAN,20220927,1200,,HU,22.6,-83.6,100,963.0,120.0,120.0,100.0,120.0,60.0,60.0,50.0,60.0,30.0,25.0,20.0,20.0,22-09-27,Cat 3,False,False,33.0,20.0,1.0,2.0,0.0,2261000.0,500000.0,ATLANTIC SOUTH|FLORIDA|GULF OF MEXICO,2163.0,126664002.0,69322426.0,48503,48503,4333274560.0,858064731.0,yes
AL092022,IAN,20220927,1800,,HU,23.5,-83.3,105,951.0,120.0,120.0,100.0,120.0,60.0,60.0,50.0,60.0,35.0,35.0,20.0,20.0,22-09-27,Cat 3,False,False,33.0,20.0,1.0,2.0,0.0,2261000.0,500000.0,ATLANTIC SOUTH|FLORIDA|GULF OF MEXICO,2163.0,126664002.0,69322426.0,48503,48503,4333274560.0,858064731.0,yes
AL092022,IAN,20220928,0000,,HU,24.4,-83.0,105,947.0,120.0,120.0,100.0,120.0,60.0,60.0,50.0,60.0,35.0,35.0,20.0,20.0,22-09-28,Cat 3,False,False,88.0,101.0,18.0,0.0,0.0,16407311000.0,0.0,ATLANTIC SOUTH|FLORIDA|GULF OF MEXICO,37937.0,3706656904.0,675615060.0,48503,48503,4333274560.0,858064731.0,yes
AL092022,IAN,20220928,0200,L,HU,24.6,-82.9,110,952.0,120.0,120.0,100.0,120.0,60.0,60.0,50.0,60.0,35.0,35.0,20.0,20.0,22-09-28,Cat 3,True,False,88.0,101.0,18.0,0.0,0.0,16407311000.0,0.0,ATLANTIC SOUTH|FLORIDA|GULF OF MEXICO,37937.0,3706656904.0,675615060.0,48503,48503,4333274560.0,858064731.0,yes
AL092022,IAN,20220928,0600,,HU,25.2,-82.9,120,945.0,120.0,130.0,100.0,150.0,70.0,60.0,60.0,70.0,35.0,35.0,30.0,35.0,22-09-28,Cat 4,False,False,88.0,101.0,18.0,0.0,0.0,16407311000.0,0.0,ATLANTIC SOUTH|FLORIDA|GULF OF MEXICO,37937.0,3706656904.0,675615060.0,48503,48503,4333274560.0,858064731.0,yes
AL092022,IAN,20220928,1200,,HU,26.0,-82.7,140,937.0,120.0,140.0,100.0,150.0,70.0,60.0,70.0,80.0,40.0,40.0,30.0,40.0,22-09-28,Cat 5,False,False,88.0,101.0,18.0,0.0,0.0,16407311000.0,0.0,ATLANTIC SOUTH|FLORIDA|GULF OF MEXICO,37937.0,3706656904.0,675615060.0,48503,48503,4333274560.0,858064731.0,yes
AL092022,IAN,20220928,1800,,HU,26.6,-82.4,135,938.0,130.0,150.0,100.0,150.0,50.0,60.0,70.0,80.0,30.0,40.0,30.0,45.0,22-09-28,Cat 4,False,False,88.0,101.0,18.0,0.0,0.0,16407311000.0,0.0,ATLANTIC SOUTH|FLORIDA|GULF OF MEXICO,37937.0,3706656904.0,675615060.0,48503,48503,4333274560.0,858064731.0,yes
AL092022,IAN,20220928,1905,L,HU,26.7,-82.2,130,941.0,130.0,150.0,100.0,150.0,50.0,60.0,70.0,80.0,30.0,40.0,30.0,45.0,22-09-28,Cat 4,True,False,88.0,101.0,18.0,0.0,0.0,16407311000.0,0.0,ATLANTIC SOUTH|FLORIDA|GULF OF MEXICO,37937.0,3706656904.0,675615060.0,48503,48503,4333274560.0,858064731.0,yes
AL092022,IAN,20220928,2035,L,HU,26.8,-82.0,125,945.0,130.0,150.0,100.0,150.0,50.0,60.0,70.0,80.0,30.0,40.0,30.0,45.0,22-09-28,Cat 4,True,False,88.0,101.0,18.0,0.0,0.0,16407311000.0,0.0,ATLANTIC SOUTH|FLORIDA|GULF OF MEXICO,37937.0,3706656904.0,675615060.0,48503,48503,4333274560.0,858064731.0,yes
AL092022,IAN,20220929,0000,,HU,27.2,-81.7,100,960.0,180.0,120.0,120.0,220.0,50.0,60.0,50.0,70.0,30.0,40.0,30.0,45.0,22-09-29,Cat 3,False,False,40.0,1.0,0.0,3.0,0.0,15000000.0,0.0,ATLANTIC SOUTH|FLORIDA|GEORGIA|SOUTH CAROLINA,6066.0,390216986.0,96739449.0,48503,48503,4333274560.0,858064731.0,yes
AL092022,IAN,20220929,0600,,HU,27.7,-81.1,65,985.0,360.0,120.0,150.0,200.0,60.0,50.0,40.0,70.0,30.0,0.0,0.0,30.0,22-09-29,Cat 1,False,False,40.0,1.0,0.0,3.0,0.0,15000000.0,0.0,ATLANTIC SOUTH|FLORIDA|GEORGIA|SOUTH CAROLINA,6066.0,390216986.0,96739449.0,48503,48503,4333274560.0,858064731.0,yes
AL092022,IAN,20220929,1200,,TS,28.4,-80.6,60,987.0,360.0,120.0,150.0,200.0,60.0,50.0,40.0,70.0,0.0,0.0,0.0,0.0,22-09-29,TS,False,False,40.0,1.0,0.0,3.0,0.0,15000000.0,0.0,ATLANTIC SOUTH|FLORIDA|GEORGIA|SOUTH CAROLINA,6066.0,390216986.0,96739449.0,48503,48503,4333274560.0,858064731.0,yes
AL092022,IAN,20220929,1800,,HU,28.9,-80.1,65,986.0,360.0,140.0,150.0,200.0,60.0,0.0,50.0,100.0,0.0,0.0,0.0,40.0,22-09-29,Cat 1,False,False,40.0,1.0,0.0,3.0,0.0,15000000.0,0.0,ATLANTIC SOUTH|FLORIDA|GEORGIA|SOUTH CAROLINA,6066.0,390216986.0,96739449.0,48503,48503,4333274560.0,858064731.0,yes
AL092022,IAN,20220930,0000,,HU,29.6,-79.4,70,986.0,420.0,150.0,120.0,220.0,60.0,80.0,80.0,120.0,0.0,0.0,40.0,60.0,22-09-30,Cat 1,False,False,130.0,4.0,1.0,6.0,0.0,21983500.0,0.0,ATLANTIC SOUTH|FLORIDA|MARYLAND|NORTH CAROLINA|SOUTH CAROLINA|VIRGINIA,1716.0,79181286.0,10939551.0,48503,48503,4333274560.0,858064731.0,yes
AL092022,IAN,20220930,0600,,HU,30.3,-79.1,75,984.0,420.0,130.0,100.0,160.0,80.0,60.0,80.0,120.0,0.0,0.0,40.0,60.0,22-09-30,Cat 1,False,False,130.0,4.0,1.0,6.0,0.0,21983500.0,0.0,ATLANTIC SOUTH|FLORIDA|MARYLAND|NORTH CAROLINA|SOUTH CAROLINA|VIRGINIA,1716.0,79181286.0,10939551.0,48503,48503,4333274560.0,858064731.0,yes
AL092022,IAN,20220930,1200,,HU,31.5,-79.0,75,980.0,240.0,130.0,120.0,140.0,80.0,60.0,80.0,80.0,40.0,0.0,40.0,60.0,22-09-30,Cat 1,False,False,130.0,4.0,1.0,6.0,0.0,21983500.0,0.0,ATLANTIC SOUTH|FLORIDA|MARYLAND|NORTH CAROLINA|SOUTH CAROLINA|VIRGINIA,1716.0,79181286.0,10939551.0,48503,48503,4333274560.0,858064731.0,yes
AL092022,IAN,20220930,1800,,HU,33.3,-79.2,70,978.0,190.0,130.0,100.0,60.0,80.0,60.0,80.0,40.0,0.0,30.0,40.0,0.0,22-09-30,Cat 1,False,False,130.0,4.0,1.0,6.0,0.0,21983500.0,0.0,ATLANTIC SOUTH|FLORIDA|MARYLAND|NORTH CAROLINA|SOUTH CAROLINA|VIRGINIA,1716.0,79181286.0,10939551.0,48503,48503,4333274560.0,858064731.0,yes
AL092022,IAN,20220930,1805,L,HU,33.3,-79.2,70,978.0,190.0,130.0,100.0,60.0,80.0,60.0,80.0,40.0,0.0,30.0,40.0,0.0,22-09-30,Cat 1,True,False,130.0,4.0,1.0,6.0,0.0,21983500.0,0.0,ATLANTIC SOUTH|FLORIDA|MARYLAND|NORTH CAROLINA|SOUTH CAROLINA|VIRGINIA,1716.0,79181286.0,10939551.0,48503,48503,4333274560.0,858064731.0,yes
AL092022,IAN,20221001,0000,,EX,34.4,-79.3,50,990.0,160.0,170.0,0.0,0.0,0.0,90.0,0.0,0.0,0.0,0.0,0.0,0.0,22-10-01,TS,False,False,16.0,0.0,0.0,0.0,0.0,25000.0,0.0,MARYLAND|NORTH CAROLINA|VIRGINIA,206.0,11297415.0,1817932.0,48503,48503,4333274560.0,858064731.0,yes
AL092022,IAN,20221001,0600,,EX,35.3,-79.7,30,999.0,0.0,0.0,0.0,0.0,0.0,0.0,0.0,0.0,0.0,0.0,0.0,0.0,22-10-01,TD,False,False,16.0,0.0,0.0,0.0,0.0,25000.0,0.0,MARYLAND|NORTH CAROLINA|VIRGINIA,206.0,11297415.0,1817932.0,48503,48503,4333274560.0,858064731.0,yes
AL092024,HELENE,20240923,1200,,DB,17.2,-81.7,30,1004.0,0.0,0.0,0.0,0.0,0.0,0.0,0.0,0.0,0.0,0.0,0.0,0.0,24-09-23,TD,False,False,,,,,,,,,,,,58059,58059,6204398812.0,1006014678.0,yes
AL092024,HELENE,20240923,1800,,DB,17.8,-81.9,35,1004.0,0.0,110.0,0.0,0.0,0.0,0.0,0.0,0.0,0.0,0.0,0.0,0.0,24-09-23,TS,False,False,,,,,,,,,,,,58059,58059,6204398812.0,1006014678.0,yes
AL092024,HELENE,20240924,0000,,DB,18.2,-82.2,35,1002.0,0.0,110.0,0.0,0.0,0.0,0.0,0.0,0.0,0.0,0.0,0.0,0.0,24-09-24,TS,False,False,11.0,0.0,0.0,0.0,0.0,12750.0,0.0,GULF OF MEXICO|WEST VIRGINIA,172.0,6169214.0,634375.0,58059,58059,6204398812.0,1006014678.0,yes
AL092024,HELENE,20240924,0600,,DB,18.6,-82.8,35,1001.0,120.0,110.0,0.0,0.0,0.0,0.0,0.0,0.0,0.0,0.0,0.0,0.0,24-09-24,TS,False,False,11.0,0.0,0.0,0.0,0.0,12750.0,0.0,GULF OF MEXICO|WEST VIRGINIA,172.0,6169214.0,634375.0,58059,58059,6204398812.0,1006014678.0,yes
AL092024,HELENE,20240924,1200,,TS,19.2,-83.7,40,999.0,120.0,120.0,0.0,0.0,0.0,0.0,0.0,0.0,0.0,0.0,0.0,0.0,24-09-24,TS,False,False,11.0,0.0,0.0,0.0,0.0,12750.0,0.0,GULF OF MEXICO|WEST VIRGINIA,172.0,6169214.0,634375.0,58059,58059,6204398812.0,1006014678.0,yes
AL092024,HELENE,20240924,1800,,TS,19.4,-84.6,45,997.0,150.0,150.0,0.0,40.0,0.0,0.0,0.0,0.0,0.0,0.0,0.0,0.0,24-09-24,TS,False,False,11.0,0.0,0.0,0.0,0.0,12750.0,0.0,GULF OF MEXICO|WEST VIRGINIA,172.0,6169214.0,634375.0,58059,58059,6204398812.0,1006014678.0,yes
AL092024,HELENE,20240925,0000,,TS,19.7,-85.2,50,990.0,170.0,170.0,0.0,70.0,80.0,0.0,0.0,0.0,0.0,0.0,0.0,0.0,24-09-25,TS,False,False,45.0,0.0,0.0,0.0,0.0,83000.0,0.0,ALABAMA|ATLANTIC SOUTH|FLORIDA|GEORGIA|GULF OF MEXICO|NORTH CAROLINA|SOUTH CAROLINA|TENNESSEE|VIRGINIA|WEST VIRGINIA,441.0,51608927.0,5207652.0,58059,58059,6204398812.0,1006014678.0,yes
AL092024,HELENE,20240925,0600,,TS,20.3,-85.9,55,985.0,220.0,230.0,50.0,100.0,60.0,50.0,0.0,0.0,0.0,0.0,0.0,0.0,24-09-25,TS,False,False,45.0,0.0,0.0,0.0,0.0,83000.0,0.0,ALABAMA|ATLANTIC SOUTH|FLORIDA|GEORGIA|GULF OF MEXICO|NORTH CAROLINA|SOUTH CAROLINA|TENNESSEE|VIRGINIA|WEST VIRGINIA,441.0,51608927.0,5207652.0,58059,58059,6204398812.0,1006014678.0,yes
AL092024,HELENE,20240925,1200,,HU,21.1,-86.2,65,979.0,270.0,270.0,70.0,110.0,60.0,60.0,40.0,30.0,0.0,30.0,0.0,0.0,24-09-25,Cat 1,False,False,45.0,0.0,0.0,0.0,0.0,83000.0,0.0,ALABAMA|ATLANTIC SOUTH|FLORIDA|GEORGIA|GULF OF MEXICO|NORTH CAROLINA|SOUTH CAROLINA|TENNESSEE|VIRGINIA|WEST VIRGINIA,441.0,51608927.0,5207652.0,58059,58059,6204398812.0,1006014678.0,yes
AL092024,HELENE,20240925,1800,,HU,22.0,-86.5,70,978.0,300.0,300.0,90.0,130.0,60.0,60.0,40.0,40.0,25.0,30.0,0.0,0.0,24-09-25,Cat 1,False,False,45.0,0.0,0.0,0.0,0.0,83000.0,0.0,ALABAMA|ATLANTIC SOUTH|FLORIDA|GEORGIA|GULF OF MEXICO|NORTH CAROLINA|SOUTH CAROLINA|TENNESSEE|VIRGINIA|WEST VIRGINIA,441.0,51608927.0,5207652.0,58059,58059,6204398812.0,1006014678.0,yes
AL092024,HELENE,20240926,0000,,HU,22.8,-86.7,70,973.0,360.0,300.0,110.0,130.0,60.0,80.0,50.0,50.0,40.0,50.0,0.0,0.0,24-09-26,Cat 1,False,False,321.0,32.0,5.0,79.0,1.0,6519337500.0,1502250000.0,ALABAMA|ATLANTIC SOUTH|FLORIDA|GEORGIA|GULF OF MEXICO|KENTUCKY|NORTH CAROLINA|SOUTH CAROLINA|TENNESSEE|VIRGINIA|WEST VIRGINIA,44779.0,4789056466.0,789962961.0,58059,58059,6204398812.0,1006014678.0,yes
AL092024,HELENE,20240926,0600,,HU,23.6,-86.5,75,970.0,360.0,300.0,120.0,120.0,100.0,100.0,60.0,50.0,60.0,60.0,0.0,0.0,24-09-26,Cat 1,False,False,321.0,32.0,5.0,79.0,1.0,6519337500.0,1502250000.0,ALABAMA|ATLANTIC SOUTH|FLORIDA|GEORGIA|GULF OF MEXICO|KENTUCKY|NORTH CAROLINA|SOUTH CAROLINA|TENNESSEE|VIRGINIA|WEST VIRGINIA,44779.0,4789056466.0,789962961.0,58059,58059,6204398812.0,1006014678.0,yes
AL092024,HELENE,20240926,1200,,HU,24.7,-85.8,85,963.0,360.0,300.0,130.0,120.0,100.0,100.0,90.0,50.0,70.0,70.0,30.0,30.0,24-09-26,Cat 2,False,False,321.0,32.0,5.0,79.0,1.0,6519337500.0,1502250000.0,ALABAMA|ATLANTIC SOUTH|FLORIDA|GEORGIA|GULF OF MEXICO|KENTUCKY|NORTH CAROLINA|SOUTH CAROLINA|TENNESSEE|VIRGINIA|WEST VIRGINIA,44779.0,4789056466.0,789962961.0,58059,58059,6204398812.0,1006014678.0,yes
AL092024,HELENE,20240926,1800,,HU,26.6,-85.0,105,958.0,300.0,270.0,140.0,130.0,110.0,110.0,70.0,50.0,80.0,70.0,30.0,30.0,24-09-26,Cat 3,False,False,321.0,32.0,5.0,79.0,1.0,6519337500.0,1502250000.0,ALABAMA|ATLANTIC SOUTH|FLORIDA|GEORGIA|GULF OF MEXICO|KENTUCKY|NORTH CAROLINA|SOUTH CAROLINA|TENNESSEE|VIRGINIA|WEST VIRGINIA,44779.0,4789056466.0,789962961.0,58059,58059,6204398812.0,1006014678.0,yes
AL092024,HELENE,20240927,0000,,HU,28.7,-84.3,120,941.0,260.0,270.0,150.0,150.0,110.0,110.0,60.0,50.0,70.0,70.0,35.0,35.0,24-09-27,Cat 4,False,False,610.0,126.0,21.0,32.0,5.0,2971318720.0,329818200.0,ALABAMA|ATLANTIC SOUTH|FLORIDA|GEORGIA|ILLINOIS|INDIANA|KENTUCKY|MARYLAND|MISSOURI|NORTH CAROLINA|OHIO|SOUTH CAROLINA|TENNESSEE|VIRGINIA|WEST VIRGINIA,11730.0,1269543609.0,198536413.0,58059,58059,6204398812.0,1006014678.0,yes
AL092024,HELENE,20240927,0310,L,HU,30.0,-83.7,120,939.0,240.0,270.0,150.0,140.0,100.0,110.0,60.0,50.0,60.0,70.0,35.0,35.0,24-09-27,Cat 4,True,False,610.0,126.0,21.0,32.0,5.0,2971318720.0,329818200.0,ALABAMA|ATLANTIC SOUTH|FLORIDA|GEORGIA|ILLINOIS|INDIANA|KENTUCKY|MARYLAND|MISSOURI|NORTH CAROLINA|OHIO|SOUTH CAROLINA|TENNESSEE|VIRGINIA|WEST VIRGINIA,11730.0,1269543609.0,198536413.0,58059,58059,6204398812.0,1006014678.0,yes
AL092024,HELENE,20240927,0500,R,HU,30.8,-83.5,95,947.0,230.0,290.0,140.0,90.0,100.0,110.0,50.0,30.0,45.0,50.0,0.0,0.0,24-09-27,Cat 2,False,False,610.0,126.0,21.0,32.0,5.0,2971318720.0,329818200.0,ALABAMA|ATLANTIC SOUTH|FLORIDA|GEORGIA|ILLINOIS|INDIANA|KENTUCKY|MARYLAND|MISSOURI|NORTH CAROLINA|OHIO|SOUTH CAROLINA|TENNESSEE|VIRGINIA|WEST VIRGINIA,11730.0,1269543609.0,198536413.0,58059,58059,6204398812.0,1006014678.0,yes
AL092024,HELENE,20240927,0600,,HU,31.3,-83.3,80,957.0,230.0,290.0,130.0,70.0,100.0,120.0,30.0,0.0,35.0,40.0,0.0,0.0,24-09-27,Cat 1,False,False,610.0,126.0,21.0,32.0,5.0,2971318720.0,329818200.0,ALABAMA|ATLANTIC SOUTH|FLORIDA|GEORGIA|ILLINOIS|INDIANA|KENTUCKY|MARYLAND|MISSOURI|NORTH CAROLINA|OHIO|SOUTH CAROLINA|TENNESSEE|VIRGINIA|WEST VIRGINIA,11730.0,1269543609.0,198536413.0,58059,58059,6204398812.0,1006014678.0,yes
AL092024,HELENE,20240927,0900,R,TS,32.9,-83.1,60,967.0,190.0,300.0,60.0,40.0,70.0,130.0,0.0,0.0,0.0,0.0,0.0,0.0,24-09-27,TS,False,False,610.0,126.0,21.0,32.0,5.0,2971318720.0,329818200.0,ALABAMA|ATLANTIC SOUTH|FLORIDA|GEORGIA|ILLINOIS|INDIANA|KENTUCKY|MARYLAND|MISSOURI|NORTH CAROLINA|OHIO|SOUTH CAROLINA|TENNESSEE|VIRGINIA|WEST VIRGINIA,11730.0,1269543609.0,198536413.0,58059,58059,6204398812.0,1006014678.0,yes
AL092024,HELENE,20240927,1200,,TS,34.4,-83.2,45,973.0,170.0,320.0,0.0,0.0,0.0,0.0,0.0,0.0,0.0,0.0,0.0,0.0,24-09-27,TS,False,False,610.0,126.0,21.0,32.0,5.0,2971318720.0,329818200.0,ALABAMA|ATLANTIC SOUTH|FLORIDA|GEORGIA|ILLINOIS|INDIANA|KENTUCKY|MARYLAND|MISSOURI|NORTH CAROLINA|OHIO|SOUTH CAROLINA|TENNESSEE|VIRGINIA|WEST VIRGINIA,11730.0,1269543609.0,198536413.0,58059,58059,6204398812.0,1006014678.0,yes
AL092024,HELENE,20240927,1800,,LO,36.8,-84.9,40,983.0,200.0,360.0,0.0,130.0,0.0,0.0,0.0,0.0,0.0,0.0,0.0,0.0,24-09-27,TS,False,False,610.0,126.0,21.0,32.0,5.0,2971318720.0,329818200.0,ALABAMA|ATLANTIC SOUTH|FLORIDA|GEORGIA|ILLINOIS|INDIANA|KENTUCKY|MARYLAND|MISSOURI|NORTH CAROLINA|OHIO|SOUTH CAROLINA|TENNESSEE|VIRGINIA|WEST VIRGINIA,11730.0,1269543609.0,198536413.0,58059,58059,6204398812.0,1006014678.0,yes
AL092024,HELENE,20240928,0000,,LO,38.1,-86.6,40,985.0,130.0,0.0,0.0,130.0,0.0,0.0,0.0,0.0,0.0,0.0,0.0,0.0,24-09-28,TS,False,False,5.0,0.0,0.0,0.0,0.0,11030000.0,0.0,NORTH CAROLINA|TENNESSEE,569.0,42706920.0,7914776.0,58059,58059,6204398812.0,1006014678.0,yes
AL092024,HELENE,20240928,0600,,LO,37.4,-88.1,30,992.0,0.0,0.0,0.0,0.0,0.0,0.0,0.0,0.0,0.0,0.0,0.0,0.0,24-09-28,TD,False,False,5.0,0.0,0.0,0.0,0.0,11030000.0,0.0,NORTH CAROLINA|TENNESSEE,569.0,42706920.0,7914776.0,58059,58059,6204398812.0,1006014678.0,yes
AL092024,HELENE,20240928,1200,,LO,36.6,-87.6,25,997.0,0.0,0.0,0.0,0.0,0.0,0.0,0.0,0.0,0.0,0.0,0.0,0.0,24-09-28,TD,False,False,5.0,0.0,0.0,0.0,0.0,11030000.0,0.0,NORTH CAROLINA|TENNESSEE,569.0,42706920.0,7914776.0,58059,58059,6204398812.0,1006014678.0,yes
AL092024,HELENE,20240928,1800,,LO,37.1,-87.0,20,1000.0,0.0,0.0,0.0,0.0,0.0,0.0,0.0,0.0,0.0,0.0,0.0,0.0,24-09-28,TD,False,False,5.0,0.0,0.0,0.0,0.0,11030000.0,0.0,NORTH CAROLINA|TENNESSEE,569.0,42706920.0,7914776.0,58059,58059,6204398812.0,1006014678.0,yes
